model,brand,selling_price,sim type,is 5G,cores,RAM,ROM,battery_mAh,is_fast,display_size,refresh rate,notch,rear camera count,rear primary cam,front primary cam
OnePlus 11 5G,OnePlus,54999,Dual Sim,1,8,12 GB,256 GB,5000,1,6.7,120,Punch Hole,Triple,50.0,16.0
OnePlus Nord CE 2 Lite 5G,OnePlus,19989,Dual Sim,1,8,6 GB,128 GB,5000,1,6.59,120,Punch Hole,Triple,64.0,16.0
Samsung Galaxy A14 5G,Samsung,16499,Dual Sim,1,8,4 GB,64 GB,5000,1,6.6,90,Water Drop,Triple,50.0,13.0
Motorola Moto G62 5G,Motorola,14999,Dual Sim,1,8,6 GB,128 GB,5000,1,6.55,120,Punch Hole,Triple,50.0,16.0
Realme 10 Pro Plus,Realme,24999,Dual Sim,1,8,6 GB,128 GB,5000,1,6.7,120,Punch Hole,Triple,108.0,16.0
Samsung Galaxy F23 5G (6GB RAM + 128GB),Samsung,16999,Dual Sim,1,8,6 GB,128 GB,5000,1,6.6,120,Water Drop,Triple,50.0,8.0
Apple iPhone 14,Apple,65999,Dual Sim,1,6,6 GB,128 GB,3279,1,6.1,120,Small,Dual,12.0,12.0
Xiaomi Redmi Note 12 Pro Plus,Xiaomi,29999,Dual Sim,1,8,8 GB,256 GB,4980,1,6.67,120,Punch Hole,Triple,200.0,16.0
Nothing Phone 1,Nothing,26749,Dual Sim,1,8,8 GB,128 GB,4500,1,6.55,120,Punch Hole,Dual,50.0,16.0
OnePlus Nord 2T 5G,OnePlus,28999,Dual Sim,1,8,8 GB,128 GB,4500,1,6.43,90,Punch Hole,Triple,50.0,32.0
Realme 10 Pro,Realme,18999,Dual Sim,1,8,6 GB,128 GB,5000,1,6.72,120,Punch Hole,Dual,108.0,16.0
Oppo A78,Oppo,18999,Dual Sim,1,8,8 GB,128 GB,5000,1,6.56,90,Water Drop,Dual,50.0,8.0
Xiaomi Redmi Note 12 Pro 5G,Xiaomi,24762,Dual Sim,1,8,6 GB,128 GB,5000,1,6.67,120,Punch Hole,Triple,50.0,16.0
Vivo T1 5G (6GB RAM + 128GB),Vivo,16990,Dual Sim,1,8,6 GB,128 GB,5000,1,6.58,120,Water Drop,Triple,50.0,16.0
Samsung Galaxy S23 Ultra 5G,Samsung,114990,Dual Sim,1,8,8 GB,256 GB,5000,1,6.8,120,Punch Hole,Quad,200.0,12.0
Apple iPhone 13,Apple,62999,Dual Sim,1,6,4 GB,128 GB,3240,1,6.1,120,Small,Dual,12.0,12.0
Vivo Y16,Vivo,9999,Dual Sim,0,8,3 GB,32 GB,5000,1,6.51,120,Water Drop,Dual,13.0,5.0
OPPO Reno 9 Pro Plus,OPPO,45999,Dual Sim,1,8,16 GB,256 GB,4700,1,6.7,120,Punch Hole,Triple,50.0,32.0
OnePlus 10R 5G,OnePlus,32999,Dual Sim,1,8,8 GB,128 GB,5000,1,6.7,120,Punch Hole,Triple,50.0,16.0
Vivo Y22,Vivo,14499,Dual Sim,0,8,4 GB,64 GB,5000,1,6.55,120,Water Drop,Dual,50.0,8.0
OnePlus 11R,OnePlus,39999,Dual Sim,1,8,8 GB,128 GB,5000,1,6.7,120,Punch Hole,Triple,50.0,16.0
Vivo V25 Pro 5G,Vivo,35999,Dual Sim,1,8,8 GB,128 GB,4830,1,6.56,120,Punch Hole,Triple,64.0,32.0
Poco X4 Pro 5G,Poco,14999,Dual Sim,1,8,6 GB,64 GB,5000,1,6.67,120,Punch Hole,Triple,64.0,16.0
Xiaomi Redmi Note 12,Xiaomi,17859,Dual Sim,1,8,4 GB,128 GB,5000,1,6.67,120,Punch Hole,Triple,48.0,13.0
Vivo V26 Pro,Vivo,42990,Dual Sim,1,8,12 GB,256 GB,4800,1,6.7,120,Punch Hole,Triple,64.0,32.0
Samsung Galaxy S20 FE 5G,Samsung,31239,Dual Sim,1,8,8 GB,128 GB,4500,1,6.5,120,Punch Hole,Triple,12.0,32.0
OnePlus Nord CE 2 Lite 5G (8GB RAM + 128GB),OnePlus,21995,Dual Sim,1,8,8 GB,128 GB,5000,1,6.59,120,Punch Hole,Triple,64.0,16.0
Apple iPhone 14 Pro Max,Apple,129990,Dual Sim,1,6,6 GB,128 GB,4323,1,6.7,120,Punch Hole,Triple,48.0,12.0
Vivo V25 5G,Vivo,27999,Dual Sim,1,8,8 GB,128 GB,4500,1,6.44,90,Water Drop,Triple,64.0,50.0
OnePlus 11 Pro,OnePlus,69999,Dual Sim,1,8,8 GB,128 GB,4500,1,6.7,120,Punch Hole,Triple,50.0,16.0
Realme 10 Pro (8GB RAM + 128GB),Realme,19999,Dual Sim,1,8,8 GB,128 GB,5000,1,6.72,120,Punch Hole,Dual,108.0,16.0
Poco X5 Pro,Poco,20999,Dual Sim,1,8,6 GB,128 GB,5000,1,6.67,120,Punch Hole,Triple,108.0,16.0
Vivo V27,Vivo,27990,Dual Sim,1,8,8 GB,256 GB,4700,1,6.56,120,Punch Hole,Triple,64.0,50.0
Apple iPhone 11,Apple,38999,Dual Sim,0,6,4 GB,64 GB,3110,0,6.1,120,Large,Dual,12.0,12.0
Samsung Galaxy M53 5G,Samsung,23790,Dual Sim,1,8,6 GB,128 GB,5000,1,6.7,120,Punch Hole,Quad,108.0,32.0
Samsung Galaxy S21 FE 5G,Samsung,39999,Dual Sim,1,8,8 GB,128 GB,4500,1,6.4,120,Punch Hole,Triple,12.0,32.0
Oppo Reno 8T,Oppo,29990,Dual Sim,1,8,8 GB,256 GB,5000,1,6.67,120,Punch Hole,Triple,108.0,16.0
Samsung Galaxy S22 Ultra 5G,Samsung,91999,Dual Sim,1,8,12 GB,256 GB,5000,1,6.8,120,Punch Hole,Quad,108.0,40.0
Xiaomi Redmi Note 12 Pro Max 5G,Xiaomi,32999,Dual Sim,1,8,6 GB,128 GB,5200,1,6.67,120,Punch Hole,Quad,108.0,32.0
OPPO Reno 9 5G,OPPO,28499,Dual Sim,1,8,8 GB,256 GB,4500,1,6.7,120,Punch Hole,Dual,64.0,32.0
OnePlus Nord CE 3 5G,OnePlus,21999,Dual Sim,1,8,6 GB,128 GB,5000,1,6.7,120,Punch Hole,Triple,108.0,16.0
Xiaomi Redmi Note 11 Pro Plus 5G,Xiaomi,19999,Dual Sim,1,8,6 GB,128 GB,5000,1,6.67,120,Punch Hole,Triple,108.0,16.0
Motorola Edge 20 Fusion 5G,Motorola,18999,Dual Sim,1,8,6 GB,128 GB,5000,1,6.67,90,Punch Hole,Triple,108.0,32.0
Realme 10 Pro Plus (8GB RAM + 256GB),Realme,27999,Dual Sim,1,8,8 GB,256 GB,5000,1,6.7,120,Punch Hole,Triple,108.0,16.0
Vivo Y35,Vivo,18499,Dual Sim,0,8,8 GB,128 GB,5000,1,6.58,90,Water Drop,Triple,50.0,16.0
Samsung Galaxy M33 5G,Samsung,17478,Dual Sim,1,8,6 GB,128 GB,6000,1,6.6,120,Water Drop,Quad,50.0,8.0
Xiaomi Redmi Note 11,Xiaomi,11936,Dual Sim,0,8,4 GB,64 GB,5000,1,6.43,90,Punch Hole,Quad,50.0,13.0
Realme C33,Realme,8950,Dual Sim,0,8,3 GB,32 GB,5000,0,6.5,120,Water Drop,Dual,50.0,5.0
Vivo Y16 (4GB RAM + 64GB),Vivo,12489,Dual Sim,0,8,4 GB,64 GB,5000,1,6.51,120,Water Drop,Dual,13.0,5.0
Samsung Galaxy A74 5G,Samsung,42999,Dual Sim,1,8,8 GB,128 GB,5000,1,6.7,120,Punch Hole,Quad,108.0,32.0
Samsung Galaxy A14 5G (6GB RAM + 128GB),Samsung,18999,Dual Sim,1,8,6 GB,128 GB,5000,1,6.6,90,Water Drop,Triple,50.0,13.0
iQOO Neo 7 5G,iQOO,29999,Dual Sim,1,8,8 GB,128 GB,5000,1,6.78,120,Punch Hole,Triple,64.0,16.0
Jio JioPhone 5G,Jio,11990,Dual Sim,1,8,4 GB,32 GB,5000,1,6.5,90,Punch Hole,Single,13.0,8.0
Motorola Moto G82 5G,Motorola,18999,Dual Sim,1,8,6 GB,128 GB,5000,1,6.6,120,Punch Hole,Triple,50.0,16.0
Realme 10,Realme,13999,Dual Sim,0,8,4 GB,64 GB,5000,1,6.4,90,Punch Hole,Dual,50.0,16.0
Realme 9i 5G,Realme,14965,Dual Sim,1,8,4 GB,64 GB,5000,1,6.6,90,Punch Hole,Triple,50.0,8.0
Apple iPhone 14 Plus,Apple,74999,Dual Sim,1,6,6 GB,128 GB,4325,1,6.7,120,Small,Dual,12.0,12.0
Xiaomi Redmi Note 10S,Xiaomi,10999,Dual Sim,0,8,6 GB,64 GB,5000,1,6.43,120,Punch Hole,Quad,64.0,13.0
Samsung Galaxy S23 Plus,Samsung,84990,Dual Sim,1,8,8 GB,256 GB,4700,1,6.6,120,Punch Hole,Triple,50.0,12.0
Motorola Moto G32,Motorola,10499,Dual Sim,0,8,4 GB,64 GB,5000,1,6.55,90,Punch Hole,Triple,50.0,16.0
Xiaomi Redmi Note 13 Pro 5G,Xiaomi,17990,Dual Sim,1,8,6 GB,128 GB,5000,1,6.67,120,Punch Hole,Triple,108.0,16.0
Vivo S16,Vivo,29990,Dual Sim,1,8,8 GB,128 GB,4600,1,6.78,120,Punch Hole,Triple,64.0,50.0
Samsung Galaxy A23,Samsung,18499,Dual Sim,0,8,6 GB,128 GB,5000,1,6.6,120,Water Drop,Quad,50.0,8.0
Vivo Y22 (6GB RAM + 128GB),Vivo,16499,Dual Sim,0,8,6 GB,128 GB,5000,1,6.55,120,Water Drop,Dual,50.0,8.0
Poco M4 Pro 5G (6GB RAM + 128GB),Poco,14999,Dual Sim,1,8,6 GB,128 GB,5000,1,6.6,90,Punch Hole,Dual,50.0,16.0
Vivo S16 Pro,Vivo,35499,Dual Sim,1,8,8 GB,256 GB,4600,1,6.78,120,Punch Hole,Triple,50.0,50.0
OnePlus 10 Pro 5G,OnePlus,60999,Dual Sim,1,8,8 GB,128 GB,5000,1,6.7,120,Punch Hole,Triple,50.0,32.0
Xiaomi Redmi Note 12 Pro Plus (12GB RAM + 256GB),Xiaomi,32999,Dual Sim,1,8,12 GB,256 GB,4980,1,6.67,120,Punch Hole,Triple,200.0,16.0
Samsung Galaxy F23 5G,Samsung,15999,Dual Sim,1,8,4 GB,128 GB,5000,1,6.6,120,Water Drop,Triple,50.0,8.0
Oppo Find N Fold,Oppo,99990,Dual Sim,1,8,8 GB,256 GB,5000,1,7.1,120,Punch Hole,Triple,0.0,0.0
OPPO A17K,OPPO,9499,Dual Sim,0,8,3 GB,64 GB,5000,0,6.56,120,Water Drop,Single,8.0,5.0
Vivo V23 5G (12GB RAM + 256GB),Vivo,27994,Dual Sim,1,8,12 GB,256 GB,4200,1,6.44,90,Small,Triple,64.0,50.0
iQOO Z6 Lite 5G,iQOO,13989,Dual Sim,1,8,4 GB,64 GB,5000,1,6.58,120,Water Drop,Dual,50.0,8.0
OnePlus 10T,OnePlus,44999,Dual Sim,1,8,8 GB,128 GB,4800,1,6.7,120,Punch Hole,Triple,50.0,16.0
Xiaomi Redmi Note 10T 5G (6GB RAM +128GB),Xiaomi,13999,Dual Sim,1,8,6 GB,128 GB,5000,1,6.5,90,Punch Hole,Triple,48.0,8.0
Gionee G13 Pro,Gionee,6190,Dual Sim,0,4,4 GB,32 GB,3500,0,6.26,120,Large,Dual,13.0,5.0
Apple iPhone 13 Pro,Apple,119900,Dual Sim,1,6,6 GB,128 GB,3095,1,6.1,120,Large,Triple,12.0,12.0
OPPO F22 Pro,OPPO,27660,Dual Sim,1,8,8 GB,128 GB,4800,1,6.58,120,Punch Hole,Triple,64.0,32.0
Samsung Galaxy A34 5G,Samsung,24999,Dual Sim,1,8,6 GB,128 GB,5000,1,6.5,90,Punch Hole,Quad,48.0,13.0
Xiaomi Redmi 10A (4GB RAM + 64GB),Xiaomi,8388,Dual Sim,0,8,4 GB,64 GB,5000,0,6.53,120,Water Drop,Single,13.0,5.0
Motorola Moto G72 4G,Motorola,15999,Dual Sim,0,8,6 GB,128 GB,5000,1,6.55,120,Punch Hole,Triple,108.0,16.0
Samsung Galaxy A14 5G (8GB RAM + 128GB),Samsung,20999,Dual Sim,1,8,8 GB,128 GB,5000,1,6.6,90,Water Drop,Triple,50.0,13.0
Realme 9 5G,Realme,13999,Dual Sim,1,8,4 GB,64 GB,5000,1,6.5,90,Punch Hole,Triple,48.0,16.0
Vivo T1 5G (8GB RAM + 128GB),Vivo,19990,Dual Sim,1,8,8 GB,128 GB,5000,1,6.58,120,Water Drop,Triple,50.0,16.0
Samsung Galaxy M13 5G,Samsung,13999,Dual Sim,1,8,6 GB,128 GB,5000,1,6.5,90,Water Drop,Dual,50.0,5.0
Motorola Edge 30 5G,Motorola,22999,Dual Sim,1,8,6 GB,128 GB,4020,1,6.5,144,Punch Hole,Triple,50.0,32.0
Samsung Galaxy A23 5G,Samsung,22999,Dual Sim,1,8,6 GB,128 GB,5000,1,6.6,120,Water Drop,Quad,50.0,8.0
OPPO K10 5G,OPPO,16999,Dual Sim,1,8,8 GB,128 GB,5000,1,6.56,90,Water Drop,Dual,48.0,8.0
Xiaomi Redmi Note 11 (6GB RAM + 128GB),Xiaomi,14290,Dual Sim,0,8,6 GB,128 GB,5000,1,6.43,90,Punch Hole,Quad,50.0,13.0
Samsung Galaxy A73 5G,Samsung,41999,Dual Sim,1,8,8 GB,128 GB,5000,1,6.7,120,Punch Hole,Quad,108.0,32.0
Vivo Y21 2021,Vivo,13489,Dual Sim,0,8,4 GB,64 GB,5000,1,6.51,120,Water Drop,Dual,13.0,8.0
OnePlus Ace Racing Edition 5G,OnePlus,22990,Dual Sim,1,8,8 GB,128 GB,5000,1,6.59,120,Punch Hole,Triple,64.0,16.0
Motorola Moto G62 (8GB RAM + 128GB),Motorola,16499,Dual Sim,1,8,8 GB,128 GB,5000,1,6.55,120,Punch Hole,Triple,50.0,16.0
Vivo X90 Pro Plus 5G,Vivo,73999,Dual Sim,1,8,12 GB,256 GB,4700,1,6.78,120,Punch Hole,Quad,50.3,32.0
Realme C33 (4GB RAM + 64GB),Realme,9999,Dual Sim,0,8,4 GB,64 GB,5000,0,6.5,120,Water Drop,Dual,50.0,5.0
Realme 9i,Realme,12499,Dual Sim,0,8,4 GB,64 GB,5000,1,6.6,90,Punch Hole,Triple,50.0,16.0
OPPO A17,OPPO,12499,Dual Sim,0,8,4 GB,64 GB,5000,1,6.56,120,Water Drop,Dual,50.0,5.0
iQOO 11 5G,iQOO,59999,Dual Sim,1,8,8 GB,256 GB,5000,1,6.78,144,Punch Hole,Triple,50.0,16.0
Vivo X Fold 5G,Vivo,106990,Dual Sim,1,8,12 GB,256 GB,4600,1,8.03,120,Punch Hole,Triple,0.0,0.0
Vivo T1 5G,Vivo,15990,Dual Sim,1,8,4 GB,128 GB,5000,1,6.58,120,Water Drop,Triple,50.0,16.0
Apple iPhone 14 Pro,Apple,119990,Dual Sim,1,6,6 GB,128 GB,3200,1,6.1,120,Punch Hole,Triple,48.0,12.0
Xiaomi Redmi Note 11 Pro Max 5G,Xiaomi,19999,Dual Sim,1,8,6 GB,128 GB,5200,1,6.67,120,Punch Hole,Quad,108.0,32.0
Motorola Moto S30 Pro,Motorola,23990,Dual Sim,1,8,8 GB,128 GB,4400,1,6.55,144,Punch Hole,Triple,50.0,32.0
Realme 10s,Realme,12999,Dual Sim,1,8,8 GB,128 GB,5000,1,6.6,90,Punch Hole,Dual,50.0,8.0
OPPO F19 Pro Plus 5G,OPPO,19990,Dual Sim,1,8,8 GB,128 GB,4310,1,6.43,120,Punch Hole,Quad,48.0,16.0
Xiaomi 13 Pro 5G,Xiaomi,58990,Dual Sim,1,8,8 GB,128 GB,4820,1,6.73,120,Punch Hole,Triple,50.3,32.0
Vivo V27 Pro,Vivo,43999,Dual Sim,1,8,12 GB,256 GB,5000,1,6.73,144,Punch Hole,Triple,108.0,32.0
Samsung Galaxy S22 5G,Samsung,49999,Dual Sim,1,8,8 GB,128 GB,3700,1,6.1,120,Punch Hole,Triple,50.0,10.0
Vivo T1 44W (6GB RAM + 128GB),Vivo,15999,Dual Sim,0,8,6 GB,128 GB,5000,1,6.44,120,Water Drop,Triple,50.0,16.0
OnePlus 10R 5G (12GB RAM + 256GB),OnePlus,36999,Dual Sim,1,8,12 GB,256 GB,5000,1,6.7,120,Punch Hole,Triple,50.0,16.0
Tecno Phantom X2,Tecno,39999,Dual Sim,1,8,8 GB,256 GB,5160,1,6.8,120,Punch Hole,Triple,64.0,32.0
Xiaomi Redmi K50i 5G,Xiaomi,22999,Dual Sim,1,8,6 GB,128 GB,5080,1,6.6,144,Punch Hole,Triple,64.0,16.0
Samsung Galaxy A53 5G,Samsung,31999,Dual Sim,1,8,6 GB,128 GB,5000,1,6.5,120,Punch Hole,Quad,64.0,32.0
Xiaomi Redmi A1,Xiaomi,6171,Dual Sim,0,4,2 GB,32 GB,5000,1,6.52,120,Water Drop,Dual,8.0,5.0
OPPO Reno8 5G,OPPO,29340,Dual Sim,1,8,8 GB,128 GB,4500,1,6.43,90,Punch Hole,Triple,50.0,32.0
Samsung Galaxy M53 5G (8GB RAM + 128GB),Samsung,25289,Dual Sim,1,8,8 GB,128 GB,5000,1,6.7,120,Punch Hole,Quad,108.0,32.0
iQOO Z6 Pro 5G,iQOO,21788,Dual Sim,1,8,6 GB,128 GB,4700,1,6.44,90,Water Drop,Triple,64.0,16.0
Tesla Pi Phone,Tesla,69999,Dual Sim,1,8,16 GB,512 GB,5000,1,6.73,165,Punch Hole,Triple,50.0,32.0
Samsung Galaxy S23,Samsung,70990,Dual Sim,1,8,8 GB,128 GB,3900,1,6.1,120,Punch Hole,Triple,50.0,12.0
Motorola Edge 30 Pro 5G,Motorola,34999,Dual Sim,1,8,8 GB,128 GB,4800,1,6.7,144,Punch Hole,Triple,50.0,60.0
OnePlus Nord 2T (12GB RAM + 256GB),OnePlus,33900,Dual Sim,1,8,12 GB,256 GB,4500,1,6.43,90,Punch Hole,Triple,50.0,32.0
Google Pixel 6A,Google,29999,Dual Sim,1,8,6 GB,128 GB,4410,1,6.14,120,Punch Hole,Dual,12.2,8.0
Infinix Note 12 Pro 5G,Infinix,18999,Dual Sim,1,8,8 GB,128 GB,5000,1,6.7,120,Punch Hole,Triple,108.0,16.0
Samsung Galaxy M33 5G (8GB RAM + 128GB),Samsung,19499,Dual Sim,1,8,8 GB,128 GB,6000,1,6.6,120,Water Drop,Quad,50.0,8.0
Vivo V23 5G,Vivo,24994,Dual Sim,1,8,8 GB,128 GB,4200,1,6.44,90,Small,Triple,64.0,50.0
Motorola Moto G42,Motorola,10999,Dual Sim,0,8,4 GB,64 GB,5000,1,6.47,120,Punch Hole,Triple,50.0,16.0
OnePlus Nord CE 2 Lite 5G (8GB RAM + 256GB),OnePlus,24999,Dual Sim,1,8,8 GB,256 GB,5000,1,6.59,120,Punch Hole,Triple,64.0,16.0
Samsung Galaxy A33 5G,Samsung,25999,Dual Sim,1,8,6 GB,128 GB,5000,1,6.4,90,Punch Hole,Quad,48.0,13.0
Google Pixel 7A,Google,34990,Dual Sim,1,8,6 GB,128 GB,4410,1,6.1,90,Punch Hole,Dual,12.2,8.0
Xiaomi Redmi 11 Prime 5G,Xiaomi,13466,Dual Sim,1,8,4 GB,64 GB,5000,1,6.58,90,Water Drop,Dual,50.0,5.0
Xiaomi Redmi Note 10 Lite,Xiaomi,9999,Dual Sim,0,8,4 GB,64 GB,5020,1,6.67,120,Punch Hole,Quad,48.0,16.0
Motorola Moto E40,Motorola,7999,Dual Sim,0,8,4 GB,64 GB,5000,0,6.5,90,Punch Hole,Triple,48.0,8.0
Nothing Phone 1 (8GB RAM + 256GB),Nothing,28249,Dual Sim,1,8,8 GB,256 GB,4500,1,6.55,120,Punch Hole,Dual,50.0,16.0
Poco X4 Pro 5G (6GB RAM + 128GB),Poco,16499,Dual Sim,1,8,6 GB,128 GB,5000,1,6.67,120,Punch Hole,Triple,64.0,16.0
Xiaomi Redmi Note 11 Pro Plus 5G (8GB RAM + 256GB),Xiaomi,22999,Dual Sim,1,8,8 GB,256 GB,5000,1,6.67,120,Punch Hole,Triple,108.0,16.0
Apple iPhone 11 (128GB),Apple,46999,Dual Sim,0,6,4 GB,128 GB,3110,0,6.1,120,Large,Dual,12.0,12.0
Realme C35 (6GB RAM + 128GB),Realme,13999,Dual Sim,0,8,6 GB,128 GB,5000,1,6.6,90,Water Drop,Triple,50.0,8.0
OPPO K10,OPPO,13490,Dual Sim,0,8,6 GB,128 GB,5000,1,6.59,90,Punch Hole,Triple,50.0,16.0
iQOO Neo 6 5G,iQOO,28999,Dual Sim,1,8,8 GB,128 GB,4700,1,6.62,120,Punch Hole,Triple,64.0,16.0
iQOO Z6 5G,iQOO,15499,Dual Sim,1,8,4 GB,128 GB,5000,1,6.58,120,Water Drop,Triple,50.0,16.0
OPPO Reno 9 Pro 5G,OPPO,39999,Dual Sim,1,8,16 GB,256 GB,4500,1,6.7,120,Punch Hole,Dual,50.0,32.0
Poco M4 Pro 5G,Poco,12999,Dual Sim,1,8,4 GB,64 GB,5000,1,6.6,90,Punch Hole,Dual,50.0,16.0
Jio Phone 3,Jio,4499,Dual Sim,0,4,2 GB,64 GB,2800,0,5,120,Punch Hole,Single,5.0,2.0
OnePlus Clover,OnePlus,14999,Dual Sim,0,8,4 GB,64 GB,6000,1,6.52,120,Punch Hole,Triple,13.0,8.0
Samsung Galaxy F04,Samsung,8499,Dual Sim,0,8,4 GB,64 GB,5000,1,6.5,120,Water Drop,Dual,13.0,5.0
iQOO 7,iQOO,24990,Dual Sim,1,8,8 GB,128 GB,4400,1,6.62,120,Punch Hole,Triple,48.0,16.0
Samsung Galaxy M34 5G,Samsung,16999,Dual Sim,1,8,6 GB,128 GB,6000,1,6.5,120,Punch Hole,Quad,64.0,32.0
Xiaomi Redmi 10,Xiaomi,9589,Dual Sim,0,8,4 GB,64 GB,6000,1,6.7,120,Water Drop,Dual,50.0,5.0
Xiaomi Redmi Note 12 (6GB RAM + 128GB),Xiaomi,19988,Dual Sim,1,8,6 GB,128 GB,5000,1,6.67,120,Punch Hole,Triple,48.0,13.0
Motorola Moto G52,Motorola,11999,Dual Sim,0,8,4 GB,64 GB,5000,1,6.6,90,Punch Hole,Triple,50.0,16.0
Apple iPhone 15 Pro Max,Apple,142990,Dual Sim,1,1,8 GB,256 GB,4352,1,6.68,120,Punch Hole,Triple,50.0,12.0
Oppo A98,Oppo,30990,Dual Sim,1,8,8 GB,128 GB,5000,1,6.7,120,Water Drop,Dual,108.0,16.0
Infinix Zero 5G 2023,Infinix,19499,Dual Sim,1,8,8 GB,256 GB,5000,1,6.78,120,Punch Hole,Triple,50.0,16.0
Nokia 2780 Flip,Nokia,4990,Dual Sim,0,4,4 GB,512 MB,1450,0,2.7,120,Punch Hole,Triple,0.0,0.0
Realme C30,Realme,5299,Dual Sim,0,8,2 GB,32 GB,5000,0,6.5,120,Water Drop,Single,8.0,5.0
OPPO F21 Pro 5G,OPPO,25969,Dual Sim,1,8,8 GB,128 GB,4500,1,6.43,120,Punch Hole,Triple,64.0,16.0
Realme 11 Pro,Realme,28999,Dual Sim,1,8,6 GB,128 GB,5000,1,6.4,120,Punch Hole,Triple,64.0,32.0
Oppo Find N2 5G,Oppo,94990,Dual Sim,1,8,12 GB,256 GB,4520,1,7.1,120,Punch Hole,Triple,0.0,0.0
Realme 9 4G,Realme,14999,Dual Sim,0,8,6 GB,128 GB,5000,1,6.4,90,Punch Hole,Triple,108.0,16.0
Cola Phone,Cola,14999,Dual Sim,0,8,4 GB,64 GB,5000,1,6.4,90,Punch Hole,Dual,50.0,16.0
Apple iPhone 13 Pro Max,Apple,129900,Dual Sim,1,6,6 GB,128 GB,4352,1,6.7,120,Small,Triple,12.0,12.0
Oppo Reno 10 Pro Plus,Oppo,58990,Dual Sim,1,8,12 GB,256 GB,4700,1,6.73,120,Punch Hole,Quad,64.0,32.0
Vivo X90 5G,Vivo,41990,Dual Sim,1,8,8 GB,128 GB,4810,1,6.78,120,Punch Hole,Triple,50.0,32.0
Samsung Galaxy F13,Samsung,10999,Dual Sim,0,8,4 GB,64 GB,6000,1,6.6,120,Water Drop,Triple,50.0,8.0
Xiaomi Redmi Note 10S (6GB RAM + 128GB),Xiaomi,11999,Dual Sim,0,8,6 GB,128 GB,5000,1,6.43,120,Punch Hole,Quad,64.0,13.0
Realme 10 (8GB RAM + 128GB),Realme,16999,Dual Sim,0,8,8 GB,128 GB,5000,1,6.4,90,Punch Hole,Dual,50.0,16.0
iQOO 9 SE 5G,iQOO,30990,Dual Sim,1,8,8 GB,128 GB,4500,1,6.62,120,Punch Hole,Triple,48.0,16.0
Infinix Hot 20,Infinix,17999,Dual Sim,1,8,4 GB,64 GB,5000,1,6.6,120,Water Drop,Dual,50.0,8.0
Letv Y1 Pro,Letv,5499,Dual Sim,0,4,4 GB,32 GB,4000,0,6.54,120,Small,Dual,8.0,5.0
Xiaomi Redmi Note 13 Pro Max 5G,Xiaomi,20499,Dual Sim,1,8,6 GB,128 GB,5200,1,6.67,120,Punch Hole,Quad,108.0,32.0
Realme Narzo 50 Pro 5G,Realme,20490,Dual Sim,1,8,6 GB,128 GB,5000,1,6.4,90,Punch Hole,Triple,48.0,16.0
OPPO A74 5G,OPPO,15490,Dual Sim,1,8,6 GB,128 GB,5000,1,6.5,90,Punch Hole,Triple,48.0,8.0
Apple iPhone 9,Apple,29990,Single Sim,0,6,3 GB,64 GB,2050,1,4.7,120,Large,Single,12.0,7.0
iQOO Z6 Lite (6GB RAM + 128GB),iQOO,15499,Dual Sim,1,8,6 GB,128 GB,5000,1,6.58,120,Water Drop,Dual,50.0,8.0
Xiaomi Redmi Note 11SE,Xiaomi,11999,Dual Sim,0,8,6 GB,64 GB,5000,1,6.43,120,Punch Hole,Quad,64.0,13.0
Realme Narzo 50,Realme,10999,Dual Sim,0,8,4 GB,64 GB,5000,1,6.6,120,Punch Hole,Triple,50.0,16.0
Vivo Y75 5G,Vivo,21990,Dual Sim,1,8,8 GB,128 GB,5000,1,6.58,120,Water Drop,Triple,50.0,16.0
Vivo V25 (12GB RAM + 256GB),Vivo,31999,Dual Sim,1,8,12 GB,256 GB,4500,1,6.44,90,Water Drop,Triple,64.0,50.0
POCO M4 Pro 4G,POCO,11999,Dual Sim,0,8,6 GB,64 GB,5000,1,6.43,90,Punch Hole,Triple,64.0,16.0
Infinix Zero Ultra,Infinix,36999,Dual Sim,1,8,8 GB,256 GB,4500,1,6.8,120,Punch Hole,Triple,200.0,32.0
Tecno Spark Go 2023,Tecno,6999,Dual Sim,0,4,3 GB,32 GB,5000,1,6.56,120,Water Drop,Dual,13.0,5.0
Motorola Moto X40,Motorola,39999,Dual Sim,1,8,8 GB,128 GB,4600,1,6.7,165,Punch Hole,Triple,50.0,60.0
Samsung Galaxy F24 5G,Samsung,14999,Dual Sim,1,8,4 GB,128 GB,5000,1,6.6,120,Water Drop,Triple,50.0,8.0
Realme 10 5G,Realme,14499,Dual Sim,1,8,8 GB,128 GB,5000,1,6.6,90,Water Drop,Triple,50.0,8.0
OnePlus Nord 3 5G,OnePlus,27999,Dual Sim,1,8,8 GB,128 GB,4200,1,6.43,90,Punch Hole,Triple,50.0,32.0
Motorola Moto G82 (8GB RAM + 128GB),Motorola,20499,Dual Sim,1,8,8 GB,128 GB,5000,1,6.6,120,Punch Hole,Triple,50.0,16.0
iKall Z19 Pro,iKall,8099,Dual Sim,0,4,4 GB,64 GB,5000,0,6.5,120,Water Drop,Single,13.0,8.0
LeEco S1 Pro,LeEco,10999,Dual Sim,0,4,8 GB,128 GB,5000,1,6.5,120,Small,Dual,13.0,5.0
Realme C2s,Realme,3499,Dual Sim,0,8,3 GB,32 GB,4000,0,6.1,120,Water Drop,Dual,13.0,5.0
Duoqin F22 Pro,Duoqin,9990,Dual Sim,0,8,4 GB,64 GB,2150,0,3.54,120,Punch Hole,Single,8.0,2.0
Samsung Galaxy M54 5G,Samsung,34999,Dual Sim,1,8,6 GB,128 GB,6000,1,6.67,90,Punch Hole,Triple,64.0,32.0
Nokia N73 5G,Nokia,46999,Dual Sim,1,8,12 GB,256 GB,6000,1,6.9,120,Punch Hole,Single,200.0,32.0
Motorola Edge 30 Fusion 5G,Motorola,39999,Dual Sim,1,8,8 GB,128 GB,4400,1,6.55,144,Punch Hole,Triple,50.0,32.0
Realme C35,Realme,11828,Dual Sim,0,8,4 GB,64 GB,5000,1,6.6,120,Water Drop,Triple,50.0,8.0
OPPO Reno 8 Pro House of Dragon Edition,OPPO,45999,Dual Sim,1,8,12 GB,256 GB,4500,1,6.7,120,Punch Hole,Triple,50.0,32.0
OnePlus Nord CE 3 Lite 5G,OnePlus,18999,Dual Sim,1,8,6 GB,128 GB,5000,1,6.59,120,Punch Hole,Triple,50.0,16.0
Poco X4 Pro 5G (8GB RAM + 128GB),Poco,17999,Dual Sim,1,8,8 GB,128 GB,5000,1,6.67,120,Punch Hole,Triple,64.0,16.0
Samsung Galaxy M04,Samsung,8499,Dual Sim,0,8,4 GB,64 GB,5000,1,6.5,120,Water Drop,Dual,13.0,5.0
OPPO A77s,OPPO,17999,Dual Sim,0,8,8 GB,128 GB,5000,1,6.56,90,Water Drop,Dual,50.0,8.0
Samsung Galaxy A13,Samsung,14450,Dual Sim,0,8,4 GB,64 GB,5000,1,6.6,120,Water Drop,Quad,50.0,8.0
Motorola Edge 30 Ultra,Motorola,54999,Dual Sim,1,8,8 GB,128 GB,4610,1,6.67,144,Punch Hole,Triple,200.0,60.0
Xiaomi 13 Ultra 5G,Xiaomi,71999,Dual Sim,1,8,12 GB,256 GB,5000,1,6.6,120,Punch Hole,Quad,108.0,32.0
Motorola Moto G52 (6GB RAM + 128GB),Motorola,12999,Dual Sim,0,8,6 GB,128 GB,5000,1,6.6,90,Punch Hole,Triple,50.0,16.0
Poco M4 5G,Poco,11499,Dual Sim,1,8,4 GB,64 GB,5000,1,6.58,90,Water Drop,Dual,50.0,8.0
Nothing Phone 1 (12GB RAM + 256GB),Nothing,35999,Dual Sim,1,8,12 GB,256 GB,4500,1,6.55,120,Punch Hole,Dual,50.0,16.0
Samsung Galaxy A54 5G,Samsung,34999,Dual Sim,1,8,6 GB,128 GB,5000,1,6.4,120,Punch Hole,Triple,50.0,32.0
Tecno Pova 4,Tecno,11999,Dual Sim,0,8,8 GB,128 GB,6000,1,6.82,90,Water Drop,Dual,50.0,8.0
Xiaomi Redmi Note 12 Pro (8GB RAM + 256GB),Xiaomi,27994,Dual Sim,1,8,8 GB,256 GB,5000,1,6.67,120,Punch Hole,Triple,50.0,16.0
Apple iPhone 14 Pro Max (256GB),Apple,139990,Dual Sim,1,6,6 GB,256 GB,4323,1,6.7,120,Punch Hole,Triple,48.0,12.0
Vivo V25 Pro (12GB RAM + 256GB),Vivo,39999,Dual Sim,1,8,12 GB,256 GB,4830,1,6.56,120,Punch Hole,Triple,64.0,32.0
Realme 9 5G (6GB RAM + 128GB),Realme,15499,Dual Sim,1,8,6 GB,128 GB,5000,1,6.5,90,Punch Hole,Triple,48.0,16.0
Realme 9 Pro 5G,Realme,18999,Dual Sim,1,8,6 GB,128 GB,5000,1,6.6,120,Punch Hole,Triple,64.0,16.0
Lava Blaze 5G,Lava,10999,Dual Sim,1,8,4 GB,128 GB,5000,0,6.5,90,Water Drop,Triple,50.0,8.0
Honor X9a,Honor,27999,Dual Sim,1,8,8 GB,256 GB,5100,1,6.67,120,Punch Hole,Triple,64.0,16.0
Google Pixel 7 Pro 5G,Google,81999,Dual Sim,1,8,12 GB,128 GB,5000,1,6.7,120,Punch Hole,Triple,50.0,10.8
Tecno Pova 3,Tecno,9999,Dual Sim,0,8,4 GB,64 GB,7000,1,6.95,90,Punch Hole,Triple,50.0,8.0
Vivo V23 Pro 5G,Vivo,31994,Dual Sim,1,8,8 GB,128 GB,4300,1,6.56,90,Small,Triple,108.0,50.0
Samsung Galaxy A04e,Samsung,9299,Dual Sim,0,8,3 GB,32 GB,5000,0,6.5,120,Water Drop,Dual,13.0,5.0
Xiaomi Redmi K60,Xiaomi,29990,Dual Sim,1,8,8 GB,128 GB,5500,1,6.67,120,Punch Hole,Triple,64.0,16.0
Realme 9 Pro Plus 5G,Realme,25900,Dual Sim,1,8,6 GB,128 GB,4500,1,6.4,90,Punch Hole,Triple,50.0,16.0
Realme 9i 5G (6GB RAM + 128GB),Realme,16999,Dual Sim,1,8,6 GB,128 GB,5000,1,6.6,90,Punch Hole,Triple,50.0,8.0
Motorola Edge 30 5G (8GB RAM + 128GB),Motorola,24999,Dual Sim,1,8,8 GB,128 GB,4020,1,6.5,144,Punch Hole,Triple,50.0,32.0
Xiaomi Redmi Note 11 (6GB RAM + 64GB),Xiaomi,12188,Dual Sim,0,8,6 GB,64 GB,5000,1,6.43,90,Punch Hole,Quad,50.0,13.0
Vivo Y02,Vivo,8999,Dual Sim,0,8,3 GB,32 GB,5000,1,6.51,120,Water Drop,Single,8.0,5.0
POCO C31 (4GB RAM + 64GB),POCO,7499,Dual Sim,0,8,4 GB,64 GB,5000,0,6.53,120,Water Drop,Triple,13.0,5.0
Realme Narzo 50 5G,Realme,17999,Dual Sim,1,8,6 GB,128 GB,5000,1,6.6,90,Punch Hole,Triple,48.0,16.0
Realme GT Neo 3T,Realme,24999,Dual Sim,1,8,6 GB,128 GB,5000,1,6.62,120,Punch Hole,Triple,64.0,16.0
OPPO Reno 8 Pro 5G,OPPO,45999,Dual Sim,1,8,12 GB,256 GB,4500,1,6.7,120,Punch Hole,Triple,50.0,32.0
OnePlus 10 Pro 5G (12GB RAM + 256GB),OnePlus,65499,Dual Sim,1,8,12 GB,256 GB,5000,1,6.7,120,Punch Hole,Triple,50.0,32.0
iQOO 11 Pro 5G,iQOO,58990,Dual Sim,1,8,8 GB,256 GB,4700,1,6.78,144,Punch Hole,Triple,50.0,16.0
Vivo T1x 4G,Vivo,11999,Dual Sim,0,8,4 GB,64 GB,5000,1,6.58,90,Water Drop,Dual,50.0,8.0
Xiaomi Redmi 10 Power,Xiaomi,11999,Dual Sim,0,8,8 GB,128 GB,6000,1,6.7,120,Punch Hole,Dual,50.0,5.0
OPPO A58,OPPO,18990,Dual Sim,1,8,6 GB,128 GB,5000,1,6.56,90,Water Drop,Dual,50.0,8.0
Vivo T1 44W,Vivo,14499,Dual Sim,0,8,4 GB,128 GB,5000,1,6.44,120,Water Drop,Triple,50.0,16.0
Xiaomi Mix Fold 2 5G,Xiaomi,106990,Dual Sim,1,8,12 GB,256 GB,4500,1,8.02,120,Punch Hole,Triple,0.0,0.0
Vivo Y16 (3GB RAM + 64GB),Vivo,10499,Dual Sim,0,8,3 GB,64 GB,5000,1,6.51,120,Water Drop,Dual,13.0,5.0
OPPO Reno 8 Z,OPPO,26990,Dual Sim,1,8,8 GB,256 GB,4500,1,6.43,120,Punch Hole,Triple,64.0,16.0
Vivo Y75 4G,Vivo,19990,Dual Sim,0,8,8 GB,128 GB,4050,1,6.44,120,Water Drop,Triple,50.0,44.0
Xiaomi Redmi Note 12 Explorer,Xiaomi,24999,Dual Sim,1,8,8 GB,256 GB,4300,1,6.67,120,Punch Hole,Triple,200.0,16.0
OPPO A57 4G (4GB RAM + 64 GB),OPPO,13969,Dual Sim,0,8,4 GB,64 GB,5000,1,6.56,120,Water Drop,Dual,13.0,8.0
Samsung Galaxy A75 5G,Samsung,44999,Dual Sim,1,8,8 GB,128 GB,5000,1,6.7,120,Punch Hole,Quad,108.0,32.0
Vivo T1 Pro 5G (8GB RAM + 128GB),Vivo,24999,Dual Sim,1,8,8 GB,128 GB,4700,1,6.44,90,Water Drop,Triple,64.0,16.0
Google Pixel 7 5G,Google,53100,Dual Sim,1,8,8 GB,128 GB,4355,1,6.3,90,Punch Hole,Dual,50.0,10.8
Xiaomi Redmi Note 11T 5G (6GB RAM + 128GB),Xiaomi,16999,Dual Sim,1,8,6 GB,128 GB,5000,1,6.6,90,Punch Hole,Dual,50.0,16.0
OPPO F21s Pro 4G,OPPO,21899,Dual Sim,0,8,8 GB,128 GB,4500,1,6.43,90,Punch Hole,Triple,64.0,32.0
Apple iPhone 14 (256GB),Apple,75999,Dual Sim,1,6,6 GB,256 GB,3279,1,6.1,120,Small,Dual,12.0,12.0
Motorola Moto G73,Motorola,25999,Dual Sim,1,8,8 GB,256 GB,5000,1,6.5,120,Punch Hole,Dual,50.0,16.0
Nubia Red Magic 8 Pro 5G,Nubia,46990,Dual Sim,1,8,8 GB,128 GB,6000,1,6.8,120,Punch Hole,Triple,50.0,16.0
Motorola Moto G31,Motorola,9999,Dual Sim,0,8,4 GB,64 GB,5000,1,6.47,120,Punch Hole,Triple,50.0,13.0
Tecno Phantom X2 Pro,Tecno,49999,Dual Sim,1,8,12 GB,256 GB,5160,1,6.8,120,Punch Hole,Triple,50.0,32.0
Infinix Zero 20,Infinix,17999,Dual Sim,0,8,8 GB,128 GB,4500,1,6.7,90,Water Drop,Triple,108.0,60.0
iQOO Z6 5G (6GB RAM + 128GB),iQOO,16940,Dual Sim,1,8,6 GB,128 GB,5000,1,6.58,120,Water Drop,Triple,50.0,16.0
Xiaomi Redmi Note 11 Pro 5G,Xiaomi,17990,Dual Sim,1,8,6 GB,64 GB,5000,1,6.67,120,Punch Hole,Triple,108.0,16.0
OPPO A1 Pro,OPPO,20990,Dual Sim,1,8,8 GB,128 GB,4800,1,6.7,120,Punch Hole,Dual,108.0,16.0
Samsung Galaxy S22 FE 5G,Samsung,51999,Dual Sim,1,8,8 GB,128 GB,4200,1,6.4,120,Punch Hole,Triple,12.0,32.0
Samsung Galaxy S22 Plus 5G,Samsung,64449,Dual Sim,1,8,8 GB,128 GB,4500,1,6.6,120,Punch Hole,Triple,50.0,10.0
Vivo U3x,Vivo,8990,Dual Sim,1,8,6 GB,64 GB,5000,1,6.58,90,Water Drop,Dual,13.0,8.0
Motorola Moto G23,Motorola,19999,Dual Sim,0,8,4 GB,128 GB,5000,1,6.5,90,Punch Hole,Triple,50.0,16.0
Poco M4 5G (6GB RAM + 128GB),Poco,13499,Dual Sim,1,8,6 GB,128 GB,5000,1,6.58,90,Water Drop,Dual,50.0,8.0
Tecno Pova 5G,Tecno,15499,Dual Sim,1,8,8 GB,128 GB,6000,1,6.9,120,Punch Hole,Triple,50.0,16.0
POCO C31,POCO,6499,Dual Sim,0,8,3 GB,32 GB,5000,0,6.53,120,Water Drop,Triple,13.0,5.0
Apple iPhone XR2,Apple,71999,Dual Sim,0,1,4 GB,64 GB,3060,1,6.1,120,Punch Hole,Dual,12.0,7.0
Samsung Galaxy A53 (8GB RAM + 256GB),Samsung,36499,Dual Sim,1,8,8 GB,256 GB,5000,1,6.5,120,Punch Hole,Quad,64.0,32.0
Infinix Note 12 5G,Infinix,15999,Dual Sim,1,8,6 GB,64 GB,5000,1,6.7,120,Water Drop,Triple,50.0,16.0
OPPO Reno7 Pro 5G,OPPO,31994,Dual Sim,1,8,12 GB,256 GB,4500,1,6.55,90,Punch Hole,Triple,50.0,32.0
OnePlus Ace 2,OnePlus,34999,Dual Sim,1,8,8 GB,128 GB,5000,1,6.7,120,Punch Hole,Triple,50.0,16.0
Redmi Note 11 Pro 2023,Redmi,18999,Dual Sim,0,8,6 GB,128 GB,5000,1,6.67,120,Punch Hole,Quad,108.0,16.0
Nothing Phone 2,Nothing,39990,Dual Sim,1,8,8 GB,128 GB,4700,1,6.67,120,Punch Hole,Triple,50.0,32.0
Samsung Galaxy A32 (8GB RAM + 128GB),Samsung,16499,Dual Sim,0,8,8 GB,128 GB,5000,1,6.4,90,Water Drop,Quad,64.0,20.0
Nokia 2720 V Flip,Nokia,6199,Dual Sim,0,2,512 MB,4 GB,1500,0,2.8,120,Punch Hole,Triple,0.0,0.0
Google Pixel 6 Pro,Google,54300,Dual Sim,1,8,12 GB,128 GB,5003,1,6.71,120,Punch Hole,Triple,50.0,11.1
Infinix Note 12i (2022),Infinix,9999,Dual Sim,0,8,4 GB,64 GB,5000,1,6.7,120,Water Drop,Triple,50.0,8.0
Xiaomi Redmi 11 Prime 5G (6GB RAM + 128GB),Xiaomi,15990,Dual Sim,1,8,6 GB,128 GB,5000,1,6.58,90,Water Drop,Dual,50.0,5.0
Xiaomi Redmi Note 11 Pro Plus 5G (8GB RAM + 128GB),Xiaomi,22700,Dual Sim,1,8,8 GB,128 GB,5000,1,6.67,120,Punch Hole,Triple,108.0,16.0
Xiaomi 12 Pro 5G,Xiaomi,50990,Dual Sim,1,8,8 GB,256 GB,4600,1,6.73,120,Punch Hole,Triple,50.0,32.0
Apple iPhone 13 Mini,Apple,64900,Dual Sim,1,6,4 GB,128 GB,2438,1,5.4,120,Large,Dual,12.0,12.0
Tecno Pova 3 (6GB RAM + 128GB),Tecno,13799,Dual Sim,0,8,6 GB,128 GB,7000,1,6.9,90,Punch Hole,Triple,50.0,8.0
Realme C31 (4GB RAM + 64GB),Realme,8999,Dual Sim,0,8,4 GB,64 GB,5000,0,6.52,120,Water Drop,Triple,13.0,5.0
Asus ROG Phone 6 Pro 5G,Asus,89999,Dual Sim,1,8,18 GB,512 GB,6000,1,6.78,165,Punch Hole,Triple,50.0,12.0
Vivo V23e 5G,Vivo,21994,Dual Sim,1,8,8 GB,128 GB,4050,1,6.44,120,Water Drop,Triple,50.0,44.0
Apple iPhone 14 Mini,Apple,69990,Dual Sim,0,1,6 GB,128 GB,3500,1,5.42,120,Punch Hole,Dual,12.0,12.0
Xiaomi Redmi Note 10T 5G,Xiaomi,12999,Dual Sim,1,8,4 GB,64 GB,5000,1,6.5,90,Punch Hole,Triple,48.0,8.0
iQOO Neo 7 SE 5G,iQOO,24990,Dual Sim,1,8,8 GB,128 GB,5000,1,6.78,120,Punch Hole,Triple,64.0,16.0
Samsung Galaxy A23 (8GB RAM + 128GB),Samsung,19990,Dual Sim,0,8,8 GB,128 GB,5000,1,6.6,120,Water Drop,Quad,50.0,8.0
Xiaomi Redmi Note 12 Pro (8GB RAM + 128GB),Xiaomi,26999,Dual Sim,1,8,8 GB,128 GB,5000,1,6.67,120,Punch Hole,Triple,50.0,16.0
Xiaomi Redmi Note 12 Turbo,Xiaomi,19999,Dual Sim,1,8,8 GB,128 GB,5000,1,6.67,120,Punch Hole,Triple,50.0,16.0
Infinix Note 12 Pro,Infinix,16900,Dual Sim,0,8,8 GB,256 GB,5000,1,6.7,120,Water Drop,Triple,108.0,16.0
Infinix Hot 20 (6GB RAM+ 128GB),Infinix,19999,Dual Sim,1,8,6 GB,128 GB,5000,1,6.6,120,Water Drop,Dual,50.0,8.0
Apple iPhone 14 Pro Max (1TB),Apple,182999,Dual Sim,1,6,6 GB,1 TB,4323,1,6.7,120,Punch Hole,Triple,48.0,12.0
Samsung Galaxy M13,Samsung,12999,Dual Sim,0,8,6 GB,128 GB,6000,1,6.6,120,Water Drop,Triple,50.0,8.0
Poco M4 Pro 5G (8GB RAM + 128GB),Poco,15999,Dual Sim,1,8,8 GB,128 GB,5000,1,6.6,90,Punch Hole,Dual,50.0,16.0
Xiaomi Redmi Note 10S (8GB RAM + 128GB),Xiaomi,13999,Dual Sim,0,8,8 GB,128 GB,5000,1,6.43,120,Punch Hole,Quad,64.0,13.0
Realme C11 2021 (4GB RAM + 64GB),Realme,7749,Dual Sim,0,8,4 GB,64 GB,5000,0,6.52,120,Water Drop,Single,8.0,5.0
Samsung Galaxy A23 5G (8GB RAM + 128GB),Samsung,24999,Dual Sim,1,8,8 GB,128 GB,5000,1,6.6,120,Water Drop,Quad,50.0,8.0
Motorola Edge 30 Ultra (12GB RAM + 256GB),Motorola,59999,Dual Sim,1,8,12 GB,256 GB,4610,1,6.67,144,Punch Hole,Triple,200.0,60.0
OPPO F21s Pro,OPPO,25895,Dual Sim,1,8,8 GB,128 GB,4500,1,6.43,120,Punch Hole,Triple,64.0,16.0
Xiaomi 13 5G,Xiaomi,46990,Dual Sim,1,8,8 GB,128 GB,4500,1,6.36,120,Punch Hole,Triple,50.0,32.0
Xiaomi Redmi 10A,Xiaomi,7499,Dual Sim,0,8,3 GB,32 GB,5000,0,6.53,120,Water Drop,Single,13.0,5.0
Vivo Y01A,Vivo,7790,Dual Sim,0,8,2 GB,32 GB,5000,1,6.51,120,Water Drop,Single,8.0,5.0
Xiaomi Redmi K50i (8GB RAM + 256GB),Xiaomi,25999,Dual Sim,1,8,8 GB,256 GB,5080,1,6.6,144,Punch Hole,Triple,64.0,16.0
Realme C30 (3GB RAM + 32GB),Realme,6299,Dual Sim,0,8,3 GB,32 GB,5000,0,6.5,120,Water Drop,Single,8.0,5.0
Motorola Moto G51 5G,Motorola,12999,Dual Sim,1,8,4 GB,64 GB,5000,0,6.8,120,Punch Hole,Triple,50.0,13.0
Xiaomi Redmi 10 (6GB RAM + 128GB),Xiaomi,11999,Dual Sim,0,8,6 GB,128 GB,6000,1,6.7,120,Water Drop,Dual,50.0,5.0
Xiaomi Mi 11 Lite NE 5G,Xiaomi,21890,Dual Sim,1,8,6 GB,128 GB,4250,1,6.55,90,Punch Hole,Triple,64.0,20.0
Samsung Galaxy Z Flip 3,Samsung,69999,Single Sim,1,8,8 GB,128 GB,3300,1,6.7,120,Punch Hole,Triple,0.0,0.0
OnePlus 10T (16GB RAM + 256GB),OnePlus,55999,Dual Sim,1,8,16 GB,256 GB,4800,1,6.7,120,Punch Hole,Triple,50.0,16.0
Samsung Galaxy A13 (4GB RAM + 128GB),Samsung,14999,Dual Sim,0,8,4 GB,128 GB,5000,1,6.6,120,Water Drop,Quad,50.0,8.0
OPPO Reno7 5G,OPPO,25994,Dual Sim,1,8,8 GB,256 GB,4500,1,6.43,90,Punch Hole,Triple,64.0,32.0
OnePlus 9RT 5G,OnePlus,42999,Dual Sim,1,8,8 GB,128 GB,4500,1,6.62,120,Punch Hole,Triple,50.0,16.0
Samsung Galaxy A53 5G (8GB RAM + 128GB),Samsung,33499,Dual Sim,1,8,8 GB,128 GB,5000,1,6.5,120,Punch Hole,Quad,64.0,32.0
Samsung Galaxy S22 Ultra 5G (12GB RAM + 512GB),Samsung,118999,Dual Sim,1,8,12 GB,512 GB,5000,1,6.8,120,Punch Hole,Quad,108.0,40.0
Motorola Moto G71 5G,Motorola,16999,Dual Sim,1,8,6 GB,128 GB,5000,1,6.4,120,Punch Hole,Triple,50.0,16.0
itel S16 Pro,itel,6990,Dual Sim,0,4,2 GB,32 GB,4000,0,6.6,120,Punch Hole,Triple,8.0,8.0
Vivo Y100,Vivo,29990,Dual Sim,1,8,8 GB,128 GB,5000,1,6,120,Punch Hole,Triple,50.0,50.0
Samsung Galaxy M13 5G (4GB RAM + 64GB),Samsung,12944,Dual Sim,1,8,4 GB,64 GB,5000,1,6.5,90,Water Drop,Dual,50.0,5.0
POCO X5 GT,POCO,29990,Dual Sim,1,8,8 GB,128 GB,5000,1,6.7,144,Punch Hole,Triple,64.0,32.0
Honor X9 5G,Honor,16999,Dual Sim,1,8,8 GB,128 GB,4800,1,6.81,120,Punch Hole,Triple,48.0,16.0
iQOO 11 (16GB RAM + 256GB),iQOO,64999,Dual Sim,1,8,16 GB,256 GB,5000,1,6.78,144,Punch Hole,Triple,50.0,16.0
Samsung Galaxy Z Fold 4,Samsung,154998,Dual Sim,1,8,12 GB,256 GB,4400,1,7.6,120,Punch Hole,Triple,0.0,0.0
Royole FlexPai 2,Royole,109999,Dual Sim,1,8,8 GB,128 GB,4450,0,7.8,120,Punch Hole,Triple,0.0,0.0
Apple iPhone 14 Plus (256GB),Apple,84999,Dual Sim,1,6,6 GB,256 GB,4325,1,6.7,120,Small,Dual,12.0,12.0
Samsung Galaxy A33 5G (8GB RAM + 128GB),Samsung,27499,Dual Sim,1,8,8 GB,128 GB,5000,1,6.4,90,Punch Hole,Quad,48.0,13.0
Tecno Spark 9,Tecno,8999,Dual Sim,0,8,6 GB,128 GB,5000,0,6.6,90,Water Drop,Dual,13.0,8.0
Google Pixel 6,Google,40480,Dual Sim,1,8,8 GB,128 GB,4614,1,6.4,90,Punch Hole,Dual,50.0,8.0
Xiaomi Redmi Note 10 Pro (6GB RAM + 128GB),Xiaomi,17999,Dual Sim,0,8,6 GB,128 GB,5020,1,6.67,120,Punch Hole,Quad,64.0,16.0
Samsung Galaxy S21 Ultra,Samsung,105999,Dual Sim,1,8,12 GB,256 GB,5000,1,6.8,120,Punch Hole,Quad,108.0,40.0
Infinix Hot 20 Play,Infinix,8999,Dual Sim,0,8,4 GB,64 GB,6000,1,6.82,90,Punch Hole,Dual,13.0,8.0
Vivo T1x (6GB RAM + 128GB),Vivo,14999,Dual Sim,0,8,6 GB,128 GB,5000,1,6.58,90,Water Drop,Dual,50.0,8.0
OPPO F23 Pro,OPPO,19990,Dual Sim,1,8,8 GB,128 GB,4500,1,6.5,90,Punch Hole,Triple,64.0,32.0
iQOO Z6 Pro 5G (8GB RAM + 128GB),iQOO,23399,Dual Sim,1,8,8 GB,128 GB,4700,1,6.44,90,Water Drop,Triple,64.0,16.0
Samsung Galaxy A73 5G (8GB RAM + 256GB),Samsung,41990,Dual Sim,1,8,8 GB,256 GB,5000,1,6.7,120,Punch Hole,Quad,108.0,32.0
Realme 9 5G SE (8GB RAM + 128GB),Realme,22998,Dual Sim,1,8,8 GB,128 GB,5000,1,6.6,144,Punch Hole,Triple,48.0,16.0
Poco F4 5G,Poco,25999,Dual Sim,1,8,6 GB,128 GB,4500,1,6.67,120,Punch Hole,Triple,64.0,20.0
Infinix Note 12,Infinix,11700,Dual Sim,0,8,4 GB,64 GB,5000,1,6.7,120,Punch Hole,Triple,50.0,16.0
Samsung Galaxy A03 Core,Samsung,6499,Dual Sim,0,4,2 GB,32 GB,5000,0,6.5,120,Water Drop,Single,8.0,5.0
Motorola Moto G60,Motorola,15999,Dual Sim,0,8,6 GB,128 GB,6000,1,6.78,120,Punch Hole,Triple,108.0,32.0
OnePlus 9 Pro,OnePlus,64800,Dual Sim,1,8,8 GB,128 GB,4500,1,6.7,120,Punch Hole,Quad,48.0,16.0
Xiaomi Redmi Note 11S,Xiaomi,14590,Dual Sim,0,8,6 GB,64 GB,5000,1,6.43,90,Punch Hole,Quad,108.0,16.0
Xiaomi Redmi 9 Activ,Xiaomi,7499,Dual Sim,0,8,4 GB,64 GB,5000,0,6.53,120,Water Drop,Dual,13.0,5.0
Tecno Camon 19 Pro 5G,Tecno,21999,Dual Sim,1,8,8 GB,128 GB,5000,1,6.8,120,Punch Hole,Triple,64.0,16.0
Samsung Galaxy A04,Samsung,11999,Dual Sim,0,8,4 GB,64 GB,5000,1,6.5,120,Water Drop,Dual,50.0,5.0
POCO M4 Pro 4G (6GB RAM + 128GB),POCO,12999,Dual Sim,0,8,6 GB,128 GB,5000,1,6.43,90,Punch Hole,Triple,64.0,16.0
OnePlus Nord N20 5G,OnePlus,20990,Dual Sim,1,8,6 GB,128 GB,4500,1,6.43,120,Punch Hole,Triple,64.0,16.0
Apple iPhone 13 (256GB),Apple,72999,Dual Sim,1,6,4 GB,256 GB,3240,1,6.1,120,Small,Dual,12.0,12.0
Oppo Find X6 Pro,Oppo,77990,Dual Sim,1,8,12 GB,256 GB,4700,1,6.78,120,Punch Hole,Triple,50.0,32.0
Vivo X90 Pro 5G,Vivo,56999,Dual Sim,1,8,8 GB,256 GB,4870,1,6.78,120,Punch Hole,Triple,50.3,32.0
Motorola Moto G53,Motorola,21999,Dual Sim,1,8,4 GB,128 GB,5000,1,6.5,120,Punch Hole,Dual,50.0,16.0
Motorola Moto G22,Motorola,9499,Dual Sim,0,8,4 GB,64 GB,5000,1,6.53,90,Punch Hole,Quad,50.0,16.0
Xiaomi Redmi 9i Sport,Xiaomi,7499,Dual Sim,0,8,4 GB,64 GB,5000,1,6.53,120,Water Drop,Single,13.0,5.0
Jio JioPhone Next,Jio,4649,Dual Sim,0,4,2 GB,32 GB,3500,0,5.45,120,Punch Hole,Single,13.0,8.0
Vivo Y93,Vivo,18000,Dual Sim,0,8,4 GB,32 GB,4030,0,6.2,120,Water Drop,Dual,13.0,8.0
Xiaomi Redmi K60 Pro,Xiaomi,38999,Dual Sim,1,8,8 GB,128 GB,5000,1,6.67,120,Punch Hole,Triple,54.0,16.0
Realme C30s,Realme,7145,Dual Sim,0,8,2 GB,32 GB,5000,1,6.5,120,Water Drop,Single,8.0,5.0
Vivo Y22s,Vivo,14990,Dual Sim,0,8,8 GB,128 GB,5000,1,6.55,90,Water Drop,Dual,50.0,8.0
OPPO A77,OPPO,15499,Dual Sim,0,8,4 GB,64 GB,5000,1,6.56,120,Water Drop,Dual,50.0,8.0
Xiaomi Redmi 10A Sport,Xiaomi,9999,Dual Sim,0,8,6 GB,128 GB,5000,0,6.53,120,Water Drop,Single,13.0,5.0
Poco F4 (12GB RAM + 256GB),Poco,29999,Dual Sim,1,8,12 GB,256 GB,4500,1,6.67,120,Punch Hole,Triple,64.0,20.0
Realme 9 4G (8GB RAM + 128GB),Realme,15999,Dual Sim,0,8,8 GB,128 GB,5000,1,6.4,90,Punch Hole,Triple,108.0,16.0
Xiaomi 12T Pro 5G,Xiaomi,59990,Dual Sim,1,8,8 GB,128 GB,5000,1,6.67,120,Punch Hole,Triple,200.0,20.0
iQOO 9 5G,iQOO,34990,Dual Sim,1,8,8 GB,128 GB,4350,1,6.56,120,Punch Hole,Triple,48.0,16.0
Samsung Galaxy S24 Ultra,Samsung,119990,Dual Sim,1,8,12 GB,256 GB,5100,1,6.83,144,Punch Hole,Quad,200.0,60.0
OPPO Find N Flip,OPPO,89990,Single Sim,1,8,8 GB,128 GB,4300,1,6.8,120,Punch Hole,Triple,0.0,0.0
OnePlus 10T (12GB RAM + 256GB),OnePlus,50999,Dual Sim,1,8,12 GB,256 GB,4800,1,6.7,120,Punch Hole,Triple,50.0,16.0
Tecno Spark 9 (4GB RAM + 64GB),Tecno,7999,Dual Sim,0,8,4 GB,64 GB,5000,0,6.6,90,Water Drop,Dual,13.0,8.0
Samsung Galaxy S21 FE 5G (8GB RAM + 256GB),Samsung,43999,Dual Sim,1,8,8 GB,256 GB,4500,1,6.4,120,Punch Hole,Triple,12.0,32.0
Xiaomi Redmi Note 11T 5G (8GB RAM + 128GB),Xiaomi,18499,Dual Sim,1,8,8 GB,128 GB,5000,1,6.6,90,Punch Hole,Dual,50.0,16.0
Sony Xperia Pro-I,Sony,134999,Dual Sim,1,8,12 GB,512 GB,4500,1,6.5,120,Punch Hole,Triple,12.0,8.0
Vivo V21 Pro,Vivo,32999,Dual Sim,1,8,8 GB,128 GB,4300,1,6.44,120,Small,Quad,64.0,44.0
Poco X3,Poco,13499,Dual Sim,0,8,6 GB,64 GB,6000,1,6.67,120,Punch Hole,Quad,64.0,20.0
Samsung Galaxy S20 FE,Samsung,35489,Dual Sim,0,8,8 GB,128 GB,4500,1,6.5,120,Punch Hole,Triple,12.0,32.0
Google Pixel 4,Google,20120,Dual Sim,0,8,6 GB,64 GB,2800,1,5.7,120,Punch Hole,Dual,16.0,8.0
Samsung Galaxy S10 Plus,Samsung,42999,Dual Sim,0,8,8 GB,128 GB,4100,1,6.4,120,Punch Hole,Triple,16.0,10.0
Realme 11 Pro Plus,Realme,24999,Dual Sim,1,8,6 GB,128 GB,4200,1,6.4,90,Punch Hole,Triple,50.0,16.0
OPPO F21 Pro 4G,OPPO,20999,Dual Sim,0,8,8 GB,128 GB,4500,1,6.5,90,Punch Hole,Triple,64.0,32.0
Realme GT 2 5G,Realme,28994,Dual Sim,1,8,8 GB,128 GB,5000,1,6.62,120,Punch Hole,Triple,50.0,16.0
Samsung Galaxy S21,Samsung,48900,Dual Sim,1,8,8 GB,128 GB,4000,1,6.2,120,Punch Hole,Triple,64.0,10.0
Samsung Galaxy A71,Samsung,22494,Dual Sim,0,8,8 GB,128 GB,4500,1,6.7,120,Punch Hole,Quad,64.0,32.0
Vivo Y02s,Vivo,8990,Dual Sim,0,8,3 GB,32 GB,5000,1,6.51,120,Water Drop,Single,8.0,5.0
Letv Y2 Pro,Letv,6999,Dual Sim,0,8,4 GB,32 GB,4000,0,6.5,120,Small,Triple,13.0,8.0
Tecno Spark 8C (4GB RAM + 64GB),Tecno,8890,Dual Sim,0,8,4 GB,64 GB,5000,0,6.6,90,Water Drop,Dual,13.0,8.0
iQOO Z6 5G (8GB RAM + 128GB),iQOO,18498,Dual Sim,1,8,8 GB,128 GB,5000,1,6.58,120,Water Drop,Triple,50.0,16.0
Vivo T1 Pro,Vivo,23999,Dual Sim,1,8,6 GB,128 GB,4700,1,6.44,90,Water Drop,Triple,64.0,16.0
Realme 9 Pro Plus 5G (8GB RAM + 128GB),Realme,22994,Dual Sim,1,8,8 GB,128 GB,4500,1,6.4,90,Punch Hole,Triple,50.0,16.0
Samsung Galaxy A04s,Samsung,12990,Dual Sim,0,8,4 GB,64 GB,5000,1,6.5,90,Water Drop,Triple,50.0,5.0
Realme 9i (6GB RAM + 128GB),Realme,14999,Dual Sim,0,8,6 GB,128 GB,5000,1,6.6,90,Punch Hole,Triple,50.0,16.0
Realme 8 5G (8GB RAM + 128GB),Realme,18499,Dual Sim,1,8,8 GB,128 GB,5000,1,6.5,90,Punch Hole,Triple,48.0,16.0
OPPO F19,OPPO,14990,Dual Sim,0,8,6 GB,128 GB,5000,1,6.4,120,Punch Hole,Triple,48.0,16.0
OPPO Find N2 Flip,OPPO,70990,Single Sim,1,8,8 GB,256 GB,4300,1,6.8,120,Punch Hole,Triple,0.0,0.0
Samsung Galaxy M32 Prime Edition,Samsung,12120,Dual Sim,0,8,4 GB,64 GB,6000,1,6.4,90,Water Drop,Quad,64.0,20.0
Oukitel WP19,Oukitel,29990,Dual Sim,0,8,8 GB,256 GB,21000,1,6.78,120,Punch Hole,Triple,64.0,16.0
Realme 9 Pro 5G (8GB RAM + 128GB),Realme,20999,Dual Sim,1,8,8 GB,128 GB,5000,1,6.6,120,Punch Hole,Triple,64.0,16.0
Xiaomi Redmi Note 10 Lite (6GB RAM + 128GB),Xiaomi,11999,Dual Sim,0,8,6 GB,128 GB,5020,1,6.67,120,Punch Hole,Quad,48.0,16.0
Samsung Galaxy A13 5G,Samsung,17990,Dual Sim,1,8,4 GB,64 GB,5000,1,6.5,90,Water Drop,Triple,50.0,5.0
Xiaomi Redmi Note 11 5G,Xiaomi,14990,Dual Sim,1,8,4 GB,128 GB,5000,1,6.6,90,Punch Hole,Dual,50.0,16.0
itel P36,itel,6490,Dual Sim,0,4,1 GB,16 GB,5000,0,6.5,120,Water Drop,Dual,8.0,8.0
Jio JioPhone 2,Jio,2999,Dual Sim,0,2,512 MB,4 GB,2000,0,2.4,120,Punch Hole,Single,2.0,0.3
Realme GT Neo 5,Realme,34999,Dual Sim,1,8,8 GB,128 GB,4600,1,6.7,120,Punch Hole,Triple,50.0,16.0
Apple iPhone 15 Ultra,Apple,149900,Dual Sim,1,8,8 GB,128 GB,4700,1,6.73,120,Punch Hole,Triple,48.0,12.0
Poco C50,Poco,6499,Dual Sim,0,4,2 GB,32 GB,5000,1,6.52,120,Water Drop,Dual,8.0,5.0
Samsung Galaxy Note 30 Ultra 5G,Samsung,104999,Dual Sim,1,8,12 GB,256 GB,4500,1,6.71,120,Punch Hole,Triple,200.0,10.0
Realme 9i (4GB RAM + 128GB),Realme,13999,Dual Sim,0,8,4 GB,128 GB,5000,1,6.6,90,Punch Hole,Triple,50.0,16.0
Xiaomi Redmi Note 11T 5G,Xiaomi,16999,Dual Sim,1,8,6 GB,64 GB,5000,1,6.6,90,Punch Hole,Dual,50.0,16.0
Vivo X80 Pro 5G,Vivo,79999,Dual Sim,1,8,12 GB,256 GB,4700,1,6.78,120,Punch Hole,Quad,50.0,32.0
OPPO Reno 6 Pro 5G,OPPO,36760,Dual Sim,1,8,12 GB,256 GB,4500,1,6.55,90,Punch Hole,Quad,64.0,32.0
Xiaomi Mi 11i 5G,Xiaomi,23499,Dual Sim,1,8,6 GB,128 GB,5160,1,6.67,120,Punch Hole,Triple,108.0,16.0
Asus ROG Phone 7,Asus,75990,Dual Sim,1,8,18 GB,256 GB,6000,1,6.8,165,Punch Hole,Triple,64.0,32.0
Oppo A77 5G,Oppo,21990,Dual Sim,1,8,6 GB,128 GB,5000,1,6.56,90,Water Drop,Dual,48.0,8.0
Realme 9 5G SE,Realme,18999,Dual Sim,1,8,6 GB,128 GB,5000,1,6.6,144,Punch Hole,Triple,48.0,16.0
Samsung Galaxy A03,Samsung,7249,Dual Sim,0,8,3 GB,32 GB,5000,1,6.5,120,Water Drop,Dual,48.0,5.0
OnePlus Nord N200,OnePlus,16990,Dual Sim,1,8,4 GB,64 GB,5000,1,6.49,90,Punch Hole,Triple,13.0,16.0
Xiaomi Mi 11X,Xiaomi,23890,Dual Sim,1,8,6 GB,128 GB,4520,1,6.67,120,Punch Hole,Triple,48.0,20.0
OPPO Reno 6,OPPO,26380,Dual Sim,1,8,8 GB,128 GB,4300,1,6.43,90,Punch Hole,Triple,64.0,32.0
Realme X50 Pro 5G (12GB RAM + 256GB),Realme,27999,Dual Sim,1,8,12 GB,256 GB,4200,1,6.44,90,Dual Punch Hole,Quad,64.0,32.0
Xiaomi Redmi 10A (6GB RAM + 128GB),Xiaomi,10850,Dual Sim,0,8,6 GB,128 GB,5000,0,6.53,120,Water Drop,Single,13.0,5.0
Redmi Note 12 Pro Speed Edition,Redmi,19999,Dual Sim,1,8,6 GB,128 GB,5000,1,6.67,120,Punch Hole,Triple,108.0,16.0
Apple iPhone 14 Pro (256GB),Apple,129990,Dual Sim,1,6,6 GB,256 GB,3200,1,6.1,120,Punch Hole,Triple,48.0,12.0
Motorola Moto G72,Motorola,19990,Dual Sim,1,8,6 GB,128 GB,5000,1,6.5,120,Punch Hole,Triple,108.0,16.0
Motorola Moto X30 Pro,Motorola,41990,Dual Sim,1,8,8 GB,128 GB,4450,1,6.67,144,Punch Hole,Triple,200.0,60.0
Xiaomi 12S Ultra,Xiaomi,69990,Dual Sim,1,8,8 GB,256 GB,4860,1,6.73,120,Punch Hole,Triple,50.0,32.0
Honor 70 5G,Honor,39990,Dual Sim,1,8,12 GB,512 GB,4800,1,6.67,120,Punch Hole,Triple,54.0,32.0
OnePlus 10 Pro 5G (12GB RAM + 512GB),OnePlus,74999,Dual Sim,1,8,12 GB,512 GB,5000,1,6.7,120,Punch Hole,Triple,50.0,32.0
Vivo V23 Pro 5G (12GB RAM + 256GB),Vivo,36994,Dual Sim,1,8,12 GB,256 GB,4300,1,6.56,90,Small,Triple,108.0,50.0
OPPO A55 4G (6GB RAM + 128GB),OPPO,14700,Dual Sim,0,8,6 GB,128 GB,5000,1,6.51,120,Punch Hole,Triple,50.0,16.0
Xiaomi Mi 11T Pro 5G,Xiaomi,34990,Dual Sim,1,8,8 GB,128 GB,5000,1,6.67,120,Punch Hole,Triple,108.0,16.0
Nokia X50 5G,Nokia,34999,Single Sim,1,1,6 GB,64 GB,6000,1,6.81,120,Punch Hole,Quad,108.0,32.0
Xiaomi Redmi Note 10,Xiaomi,13990,Dual Sim,0,8,4 GB,64 GB,5000,1,6.43,120,Punch Hole,Quad,48.0,13.0
Vertu Signature Touch,Vertu,650000,Single Sim,0,8,2 GB,64 GB,2275,0,4.7,120,Punch Hole,Single,13.0,2.1
Samsung Galaxy M32 Prime Edition (6GB RAM + 128GB),Samsung,14859,Dual Sim,0,8,6 GB,128 GB,6000,1,6.4,90,Water Drop,Quad,64.0,20.0
Tecno Camon 19 Pro Mondrian Edition,Tecno,17999,Dual Sim,0,8,8 GB,128 GB,5000,1,6.8,120,Punch Hole,Triple,64.0,32.0
Poco F5,Poco,34990,Dual Sim,1,8,8 GB,128 GB,4700,1,6.7,120,Punch Hole,Triple,64.0,32.0
BLU F91 5G,BLU,14990,Dual Sim,1,8,8 GB,128 GB,5000,1,6.8,120,Punch Hole,Quad,48.0,16.0
OPPO A16e,OPPO,8999,Dual Sim,0,8,3 GB,32 GB,4230,0,6.52,120,Water Drop,Single,13.0,5.0
Motorola Moto E32,Motorola,8999,Dual Sim,0,8,4 GB,64 GB,5000,1,6.5,90,Punch Hole,Dual,50.0,8.0
Xiaomi Redmi Note 11S (8GB RAM + 128GB),Xiaomi,15824,Dual Sim,0,8,8 GB,128 GB,5000,1,6.43,90,Punch Hole,Quad,108.0,16.0
Samsung Galaxy A52 (8GB RAM + 128GB),Samsung,22494,Dual Sim,0,8,8 GB,128 GB,4500,1,6.5,90,Punch Hole,Quad,64.0,32.0
Poco X3 Pro,Poco,19650,Dual Sim,0,8,6 GB,128 GB,5160,1,6.67,120,Punch Hole,Quad,48.0,20.0
Xiaomi Redmi 9A,Xiaomi,6999,Dual Sim,0,8,2 GB,32 GB,5000,0,6.53,120,Water Drop,Single,13.0,5.0
Samsung Galaxy A32,Samsung,16499,Dual Sim,0,8,6 GB,128 GB,5000,1,6.4,90,Water Drop,Quad,64.0,20.0
Motorola Moto G13,Motorola,15999,Dual Sim,0,8,4 GB,128 GB,5000,1,6.5,90,Punch Hole,Triple,50.0,8.0
Asus ROG Phone 6 Batman Edition,Asus,72999,Dual Sim,1,8,16 GB,256 GB,6000,1,6.78,165,Punch Hole,Triple,50.0,12.0
Xiaomi Redmi Note 12 Pro Plus (6GB RAM + 128GB),Xiaomi,26999,Dual Sim,1,8,6 GB,128 GB,4980,1,6.67,120,Punch Hole,Triple,200.0,16.0
Infinix Smart 6 HD,Infinix,6999,Dual Sim,0,4,2 GB,32 GB,5000,0,6.6,120,Water Drop,Dual,8.0,5.0
Realme C35 (4GB RAM + 128GB),Realme,12787,Dual Sim,0,8,4 GB,128 GB,5000,1,6.6,90,Water Drop,Triple,50.0,8.0
Infinix Hot 12,Infinix,9999,Dual Sim,0,8,4 GB,64 GB,6000,1,6.82,90,Water Drop,Triple,50.0,8.0
Vivo X80 5G,Vivo,54999,Dual Sim,1,8,8 GB,128 GB,4500,1,6.78,120,Punch Hole,Triple,50.0,32.0
Vivo Y53s,Vivo,15490,Dual Sim,0,8,8 GB,128 GB,5000,1,6.58,120,Water Drop,Triple,64.0,16.0
Tecno Phantom X,Tecno,25999,Dual Sim,0,8,8 GB,256 GB,4700,1,6.7,90,Punch Hole,Triple,50.0,48.0
Samsung Galaxy M04 (4GB RAM + 128GB),Samsung,9499,Dual Sim,0,8,4 GB,128 GB,5000,1,6.5,120,Water Drop,Dual,13.0,5.0
Redmi 12C,Redmi,7999,Dual Sim,0,8,4 GB,64 GB,5000,0,6.71,120,Water Drop,Dual,50.0,5.0
Asus ZenFone 9,Asus,63990,Dual Sim,1,8,8 GB,128 GB,4300,1,5.9,120,Punch Hole,Dual,50.0,12.0
Sony Xperia L5 5G,Sony,15990,Single Sim,0,8,4 GB,64 GB,4000,1,6.2,120,Punch Hole,Triple,13.0,8.0
iQOO 9 SE 5G (12GB RAM + 256GB),iQOO,34949,Dual Sim,1,8,12 GB,256 GB,4500,1,6.62,120,Punch Hole,Triple,48.0,16.0
Tecno Spark 8 Pro,Tecno,8799,Dual Sim,0,8,4 GB,64 GB,5000,1,6.8,120,Punch Hole,Triple,48.0,8.0
Xiaomi Redmi 10 Prime,Xiaomi,12390,Dual Sim,0,8,4 GB,64 GB,6000,1,6.5,90,Punch Hole,Quad,50.0,8.0
Samsung Galaxy F22,Samsung,11499,Dual Sim,0,8,4 GB,64 GB,6000,0,6.4,90,Water Drop,Quad,48.0,13.0
Xiaomi Mi Mix Alpha,Xiaomi,199990,Dual Sim,1,8,12 GB,512 GB,4050,1,7.92,120,Punch Hole,Triple,108.0,0.0
OPPO Reno 10 Pro,OPPO,42990,Dual Sim,1,8,16 GB,256 GB,5000,1,6.73,120,Punch Hole,Dual,50.0,32.0
Nubia Z50,Nubia,34999,Dual Sim,1,8,8 GB,128 GB,5000,1,6.67,144,Punch Hole,Triple,64.0,16.0
Samsung Galaxy F13 (4GB RAM + 128GB),Samsung,11999,Dual Sim,0,8,4 GB,128 GB,6000,1,6.6,120,Water Drop,Triple,50.0,8.0
Nokia G11 Plus,Nokia,10499,Dual Sim,0,8,4 GB,64 GB,5000,1,6.52,90,Water Drop,Dual,50.0,8.0
Infinix Hot 12 Play,Infinix,8910,Dual Sim,0,8,4 GB,64 GB,6000,1,6.82,90,Punch Hole,Dual,13.0,8.0
Vivo T2 5G,Vivo,24990,Dual Sim,1,8,8 GB,128 GB,4700,1,6.62,120,Punch Hole,Triple,64.0,16.0
OPPO Reno7 Z 5G,OPPO,17999,Dual Sim,1,8,8 GB,128 GB,4500,1,6.43,120,Punch Hole,Triple,64.0,16.0
Xiaomi Mi 11 Lite NE 5G (8GB RAM + 128GB),Xiaomi,22999,Dual Sim,1,8,8 GB,128 GB,4250,1,6.55,90,Punch Hole,Triple,64.0,20.0
Realme Narzo 50i,Realme,6490,Dual Sim,0,8,2 GB,32 GB,5000,0,6.5,120,Water Drop,Single,8.0,5.0
Infinix Zero X Pro,Infinix,21990,Dual Sim,1,8,8 GB,128 GB,4500,1,6.67,120,Punch Hole,Triple,108.0,16.0
Nokia 110 4G,Nokia,1762,Dual Sim,0,1,128 MB,48 MB,1020,0,1.8,120,Punch Hole,Single,0.3,0.0
Samsung Galaxy M32,Samsung,12364,Dual Sim,0,8,4 GB,64 GB,6000,1,6.4,90,Water Drop,Quad,64.0,20.0
Samsung Galaxy A82 5G,Samsung,39990,Dual Sim,1,8,6 GB,128 GB,4500,1,6.71,120,Punch Hole,Triple,64.0,10.0
Xiaomi Poco F1,Xiaomi,11999,Dual Sim,0,8,6 GB,64 GB,4000,1,6.18,120,Large,Dual,12.0,20.0
Vivo Y25,Vivo,7499,Dual Sim,0,4,1 GB,16 GB,1900,0,4.5,120,Punch Hole,Single,5.0,2.0
Lyf Earth 1,Lyf,3990,Dual Sim,0,8,3 GB,32 GB,3500,0,5.5,120,Punch Hole,Dual,13.0,5.0
Motorola Moto E13,Motorola,10499,Dual Sim,0,8,2 GB,64 GB,5000,1,6.5,120,Punch Hole,Single,13.0,5.0
Tecno Pop 6 Pro,Tecno,6299,Dual Sim,0,4,2 GB,32 GB,5000,0,6.56,120,Water Drop,Dual,8.0,5.0
Itel A24 Pro,Itel,5990,Dual Sim,0,4,2 GB,32 GB,3020,0,5,120,Punch Hole,Single,2.0,0.3
Vivo X Fold Plus,Vivo,113990,Dual Sim,1,8,12 GB,256 GB,4730,1,8.03,120,Punch Hole,Triple,0.0,0.0
Samsung Galaxy F63,Samsung,21999,Dual Sim,1,8,6 GB,128 GB,7000,1,6.7,120,Punch Hole,Quad,64.0,32.0
iQOO Z6 4G (6GB RAM + 128GB),iQOO,15999,Dual Sim,0,8,6 GB,128 GB,5000,1,6.44,120,Water Drop,Triple,50.0,16.0
Nokia 8000 4G,Nokia,6899,Dual Sim,0,4,512 MB,4 GB,1500,0,2.8,120,Punch Hole,Single,2.0,0.0
Sony Xperia 5 II,Sony,69990,Dual Sim,1,8,8 GB,128 GB,4000,1,6.1,120,Punch Hole,Triple,12.0,8.0
Vivo Y3 (4GB RAM + 128GB),Vivo,12990,Dual Sim,0,8,4 GB,128 GB,5000,1,6.35,120,Water Drop,Triple,13.0,16.0
Sony Xperia 1 IV (12GB RAM + 512GB),Sony,92980,Dual Sim,1,8,12 GB,512 GB,5000,1,6.5,120,Punch Hole,Quad,12.0,12.0
Tecno Pova 4 Pro,Tecno,15999,Dual Sim,0,8,8 GB,256 GB,6000,1,6.66,90,Water Drop,Dual,50.0,8.0
Huawei Nova 10 SE,Huawei,23999,Dual Sim,0,8,8 GB,256 GB,4500,1,6.67,90,Punch Hole,Triple,108.0,16.0
Vivo T1x (4GB RAM + 128GB),Vivo,12999,Dual Sim,0,8,4 GB,128 GB,5000,1,6.58,90,Water Drop,Dual,50.0,8.0
Nubia Red Magic 7S Pro,Nubia,60990,Dual Sim,1,8,12 GB,256 GB,5000,1,6.8,120,Punch Hole,Triple,64.0,8.0
Motorola Moto E32s (4GB RAM + 64GB),Motorola,8859,Dual Sim,0,8,4 GB,64 GB,5000,1,6.5,90,Punch Hole,Triple,16.0,8.0
iQOO Neo 6 5G (12GB RAM + 256GB),iQOO,33749,Dual Sim,1,8,12 GB,256 GB,4700,1,6.62,120,Punch Hole,Triple,64.0,16.0
Samsung Galaxy A15,Samsung,15990,Dual Sim,0,8,6 GB,64 GB,5000,1,6.5,120,Water Drop,Triple,48.0,8.0
POCO X4 GT 5G,POCO,24990,Dual Sim,1,8,8 GB,128 GB,5080,1,6.6,144,Punch Hole,Triple,64.0,16.0
Realme Narzo 50 5G (4GB RAM + 128GB),Realme,14999,Dual Sim,1,8,4 GB,128 GB,5000,1,6.6,90,Punch Hole,Triple,48.0,16.0
Vivo Y77 5G,Vivo,17990,Dual Sim,1,8,6 GB,128 GB,4500,1,6.64,120,Punch Hole,Dual,50.0,8.0
Honor 60 SE 5G,Honor,24990,Dual Sim,1,8,8 GB,128 GB,4300,1,6.67,120,Punch Hole,Triple,64.0,16.0
Xiaomi Redmi 11 Prime,Xiaomi,11600,Dual Sim,0,8,4 GB,64 GB,5000,1,6.58,90,Water Drop,Triple,50.0,8.0
Realme C31,Realme,8299,Dual Sim,0,8,3 GB,32 GB,5000,0,6.52,120,Water Drop,Triple,13.0,5.0
Motorola Moto G31 (6GB RAM+ 128GB),Motorola,11999,Dual Sim,0,8,6 GB,128 GB,5000,1,6.47,120,Punch Hole,Triple,50.0,13.0
Samsung Galaxy Z Flip 4 5G,Samsung,89999,Dual Sim,1,8,8 GB,128 GB,3700,1,6.7,120,Punch Hole,Triple,0.0,0.0
OnePlus 6 (8GB RAM + 128GB),OnePlus,27999,Dual Sim,0,8,8 GB,128 GB,3300,0,6.28,120,Punch Hole,Dual,20.0,16.0
Google Pixel 2 XL,Google,15990,Single Sim,0,8,4 GB,128 GB,3520,1,6,120,Punch Hole,Single,12.2,8.0
Xiaomi Redmi A1 Plus,Xiaomi,7289,Dual Sim,0,4,2 GB,32 GB,5000,1,6.52,120,Water Drop,Dual,8.0,5.0
Honor 70 5G (8GB RAM + 256GB),Honor,30990,Dual Sim,1,8,8 GB,256 GB,4800,1,6.67,120,Punch Hole,Triple,54.0,32.0
Realme Narzo 50 (6GB RAM + 128GB),Realme,15499,Dual Sim,0,8,6 GB,128 GB,5000,1,6.6,120,Punch Hole,Triple,50.0,16.0
Vivo Y15s,Vivo,8499,Dual Sim,0,8,3 GB,32 GB,5000,0,6.51,120,Water Drop,Dual,13.0,8.0
Samsung Galaxy M32 (6GB RAM + 128GB),Samsung,14490,Dual Sim,0,8,6 GB,128 GB,6000,1,6.4,90,Water Drop,Quad,64.0,20.0
Samsung Galaxy F42 5G,Samsung,15490,Dual Sim,1,8,6 GB,128 GB,5000,1,6.6,90,Water Drop,Triple,64.0,8.0
Realme Q5 5G,Realme,14990,Dual Sim,1,8,6 GB,128 GB,5000,1,6.6,120,Punch Hole,Triple,50.0,16.0
POCO M3 Pro 5G,POCO,15999,Dual Sim,1,8,4 GB,64 GB,5000,1,6.5,90,Punch Hole,Triple,48.0,8.0
Google Pixel 5,Google,36000,Dual Sim,1,8,8 GB,128 GB,4080,1,6,90,Punch Hole,Dual,16.0,8.0
OnePlus 12 Pro,OnePlus,69999,Dual Sim,1,8,12 GB,256 GB,4800,1,6.73,144,Punch Hole,Triple,108.0,32.0
Xiaomi Redmi Note 12 Discovery Edition,Xiaomi,26990,Dual Sim,1,8,8 GB,256 GB,4300,1,6.67,120,Punch Hole,Triple,200.0,16.0
Samsung Galaxy M13 (4GB RAM + 64GB),Samsung,10630,Dual Sim,0,8,4 GB,64 GB,6000,1,6.6,120,Water Drop,Triple,50.0,8.0
Oppo Reno 8 Pro (8GB RAM + 256GB),Oppo,42990,Dual Sim,1,8,8 GB,256 GB,4500,1,6.7,120,Punch Hole,Triple,50.0,32.0
Vivo Y78 5G,Vivo,24990,Dual Sim,1,8,8 GB,128 GB,4500,1,6.58,90,Punch Hole,Triple,50.0,16.0
iQOO Z6 4G,iQOO,14489,Dual Sim,0,8,4 GB,128 GB,5000,1,6.44,120,Water Drop,Triple,50.0,16.0
OPPO A76,OPPO,16490,Dual Sim,0,8,6 GB,128 GB,5000,1,6.56,90,Punch Hole,Dual,13.0,8.0
Realme 9 Pro Plus 5G (8GB RAM + 256GB),Realme,24494,Dual Sim,1,8,8 GB,256 GB,4500,1,6.4,90,Punch Hole,Triple,50.0,16.0
Vivo Y01,Vivo,7999,Dual Sim,0,8,2 GB,32 GB,5000,0,6.51,120,Water Drop,Single,8.0,5.0
Motorola Moto Edge S30 5G,Motorola,23990,Dual Sim,1,8,6 GB,128 GB,5000,1,6.8,144,Punch Hole,Triple,108.0,16.0
Realme GT 2 Pro 5G,Realme,49959,Dual Sim,1,8,8 GB,128 GB,5000,1,6.7,120,Punch Hole,Triple,50.0,32.0
Apple iPhone 13 Pro (256GB),Apple,129900,Dual Sim,1,6,6 GB,256 GB,3095,1,6.1,120,Large,Triple,12.0,12.0
Vivo Y73 2021,Vivo,19990,Dual Sim,0,8,8 GB,128 GB,4000,1,6.44,120,Water Drop,Triple,64.0,16.0
Samsung Galaxy F14,Samsung,14990,Dual Sim,0,8,4 GB,64 GB,5000,1,6.62,120,Punch Hole,Triple,50.0,16.0
Vivo V20,Vivo,23269,Dual Sim,0,8,8 GB,128 GB,4000,1,6.44,120,Water Drop,Triple,64.0,44.0
Xiaomi Redmi Note 9 Pro,Xiaomi,13999,Dual Sim,0,8,4 GB,64 GB,5020,1,6.67,120,Punch Hole,Quad,48.0,16.0
Itel MagicX Pro,Itel,2799,Dual Sim,0,1,64 MB,128 MB,2500,0,2.4,120,Punch Hole,Single,0.3,0.0
OnePlus 10R Prime Edition,OnePlus,35389,Dual Sim,1,8,8 GB,128 GB,5000,1,6.7,120,Punch Hole,Triple,50.0,16.0
Google Pixel 6 Pro (12GB RAM + 256GB),Google,79700,Dual Sim,1,8,12 GB,256 GB,5003,1,6.71,120,Punch Hole,Triple,50.0,11.1
Nokia C31,Nokia,9499,Dual Sim,0,8,3 GB,32 GB,5050,1,6.74,120,Water Drop,Triple,13.0,5.0
Infinix Hot 12 Pro (8GB RAM+ 128GB),Infinix,12340,Dual Sim,0,8,8 GB,128 GB,5000,1,6.6,90,Water Drop,Dual,50.0,8.0
Poco M5,Poco,10799,Dual Sim,0,8,4 GB,64 GB,5000,1,6.58,90,Water Drop,Triple,50.0,8.0
Xiaomi Redmi 10C (4GB RAM + 128GB),Xiaomi,14990,Dual Sim,0,8,4 GB,128 GB,6000,1,6.7,120,Water Drop,Dual,50.0,5.0
ZTE Axon 40 Ultra 5G,ZTE,61990,Dual Sim,1,8,8 GB,128 GB,5000,1,6.8,120,Punch Hole,Triple,64.0,16.0
Xiaomi 12 Pro 5G (12GB RAM + 256GB),Xiaomi,51880,Dual Sim,1,8,12 GB,256 GB,4600,1,6.73,120,Punch Hole,Triple,50.0,32.0
OPPO K10 (8GB RAM + 128GB),OPPO,16990,Dual Sim,0,8,8 GB,128 GB,5000,1,6.59,90,Punch Hole,Triple,50.0,16.0
Huawei Nova 9 SE,Huawei,19990,Dual Sim,0,8,8 GB,128 GB,4000,1,6.78,90,Punch Hole,Quad,108.0,16.0
Samsung Galaxy S22 5G (8GB RAM + 256GB),Samsung,57999,Dual Sim,1,8,8 GB,256 GB,3700,1,6.1,120,Punch Hole,Triple,50.0,10.0
Lenovo Legion Y90,Lenovo,46990,Dual Sim,1,8,12 GB,256 GB,5600,1,6.92,144,Punch Hole,Dual,64.0,16.0
Vivo Y55 5G,Vivo,20990,Dual Sim,1,8,4 GB,128 GB,5000,1,6.58,120,Water Drop,Triple,50.0,8.0
Nokia X100 5G,Nokia,17990,Dual Sim,1,8,6 GB,128 GB,4470,1,6.67,120,Punch Hole,Quad,48.0,16.0
Realme 8s 5G (8GB RAM + 128GB),Realme,17499,Dual Sim,1,8,8 GB,128 GB,5000,1,6.5,90,Punch Hole,Triple,64.0,16.0
Realme 8s 5G,Realme,17999,Dual Sim,1,8,6 GB,128 GB,5000,1,6.5,90,Punch Hole,Triple,64.0,16.0
Nokia X60 Pro 5G,Nokia,49990,Dual Sim,1,8,8 GB,128 GB,6000,1,6.51,144,Punch Hole,Quad,200.0,32.0
Poco X5,Poco,14999,Dual Sim,1,8,4 GB,128 GB,5000,1,6.67,120,Punch Hole,Triple,48.0,8.0
Xiaomi Redmi Note 10 Pro Max (6GB RAM + 128GB),Xiaomi,19980,Dual Sim,0,8,6 GB,128 GB,5020,1,6.67,120,Punch Hole,Quad,108.0,16.0
iQOO 7 (12GB RAM + 256GB),iQOO,35990,Dual Sim,1,8,12 GB,256 GB,4400,1,6.62,120,Punch Hole,Triple,48.0,16.0
Realme 8,Realme,15999,Dual Sim,0,8,4 GB,128 GB,5000,1,6.4,120,Punch Hole,Quad,64.0,16.0
Samsung Galaxy S20,Samsung,41999,Dual Sim,0,8,8 GB,128 GB,4000,1,6.2,120,Punch Hole,Triple,64.0,10.0
Xiaomi Redmi K60E,Xiaomi,25999,Dual Sim,1,8,8 GB,128 GB,5500,1,6.67,120,Punch Hole,Triple,48.0,20.0
Motorola Moto E32s,Motorola,7990,Dual Sim,0,8,3 GB,32 GB,5000,1,6.5,90,Punch Hole,Triple,16.0,8.0
OnePlus Nord 3T 5G,OnePlus,29990,Dual Sim,1,8,8 GB,128 GB,4500,1,6.43,90,Punch Hole,Triple,50.0,32.0
OPPO F23 Pro Plus 5G,OPPO,27990,Dual Sim,1,8,8 GB,128 GB,4500,1,6.43,90,Punch Hole,Quad,50.0,16.0
Poco F5 Pro,Poco,29999,Dual Sim,1,8,8 GB,128 GB,5500,1,6.67,120,Punch Hole,Triple,64.0,16.0
OPPO A16e (4GB RAM + 64GB),OPPO,8999,Dual Sim,0,8,4 GB,64 GB,4230,0,6.52,120,Water Drop,Single,13.0,5.0
POCO M4 Pro 4G (8GB RAM + 128GB),POCO,13999,Dual Sim,0,8,8 GB,128 GB,5000,1,6.43,90,Punch Hole,Triple,64.0,16.0
Realme Narzo 50A,Realme,11499,Dual Sim,0,8,4 GB,64 GB,6000,1,6.5,120,Water Drop,Triple,50.0,8.0
Asus ROG Phone 5s 5G,Asus,39999,Dual Sim,1,8,8 GB,128 GB,6000,1,6.78,144,Punch Hole,Triple,64.0,24.0
Realme GT Master Edition 5G,Realme,27999,Dual Sim,1,8,8 GB,128 GB,4300,1,6.43,120,Punch Hole,Triple,64.0,32.0
Samsung Galaxy A32 5G,Samsung,24499,Dual Sim,1,8,6 GB,128 GB,5000,1,6.5,90,Water Drop,Quad,48.0,13.0
Nubia Red Magic 8 Pro Plus,Nubia,60999,Dual Sim,1,8,12 GB,256 GB,5000,1,6.8,120,Punch Hole,Triple,50.0,16.0
Samsung Galaxy Z Fold 3,Samsung,110999,Dual Sim,1,8,12 GB,256 GB,4400,1,7.6,120,Punch Hole,Triple,0.0,0.0
LG Wing 5G,LG,54999,Dual Sim,1,8,8 GB,128 GB,4000,1,6.8,120,Punch Hole,Triple,0.0,0.0
Xiaomi Redmi Note 9 Pro Max,Xiaomi,16490,Dual Sim,0,8,6 GB,64 GB,5020,1,6.67,120,Punch Hole,Quad,64.0,32.0
Samsung Galaxy A52,Samsung,24990,Dual Sim,0,8,6 GB,128 GB,4500,1,6.5,90,Punch Hole,Quad,64.0,32.0
Nokia 105 (2019),Nokia,1299,Single Sim,0,1,4 MB,4 MB,800,0,1.77,120,Punch Hole,Triple,0.0,0.0
Vivo Y71,Vivo,25000,Dual Sim,0,4,3 GB,16 GB,3360,0,6,120,Punch Hole,Single,13.0,5.0
Lyf C459,Lyf,1999,Dual Sim,0,4,1 GB,8 GB,2000,0,4.5,120,Punch Hole,Single,5.0,2.0
Samsung Galaxy A04e (3GB RAM + 64GB),Samsung,9950,Dual Sim,0,8,3 GB,64 GB,5000,0,6.5,120,Water Drop,Dual,13.0,5.0
Oppo A56s,Oppo,12999,Dual Sim,1,8,8 GB,128 GB,5000,0,6.56,120,Water Drop,Dual,13.0,8.0
Oppo Reno 8T 4G,Oppo,19999,Dual Sim,0,8,8 GB,256 GB,5000,1,6.67,120,Punch Hole,Triple,50.0,16.0
OPPO Reno 10,OPPO,32999,Dual Sim,1,8,8 GB,256 GB,5000,1,6.73,120,Punch Hole,Triple,50.0,32.0
Nokia G60,Nokia,28498,Dual Sim,1,8,6 GB,128 GB,4500,1,6.58,120,Water Drop,Triple,50.0,8.0
OPPO A77 (4GB RAM + 128 GB),OPPO,15998,Dual Sim,0,8,4 GB,128 GB,5000,1,6.56,120,Water Drop,Dual,50.0,8.0
Motorola Edge 40 Pro 5G,Motorola,59990,Dual Sim,1,8,8 GB,128 GB,4800,1,6.7,165,Punch Hole,Triple,50.0,60.0
Oppo K10x 5G,Oppo,16990,Dual Sim,1,8,6 GB,128 GB,5000,1,6.59,120,Punch Hole,Triple,64.0,16.0
iQOO Z6 Pro 5G (12GB RAM + 256GB),iQOO,27999,Dual Sim,1,8,12 GB,256 GB,4700,1,6.44,90,Water Drop,Triple,64.0,16.0
Nokia G21 (6GB RAM + 128GB),Nokia,13499,Dual Sim,0,8,6 GB,128 GB,5050,1,6.5,90,Water Drop,Triple,50.0,8.0
Samsung Galaxy A13 (6GB RAM + 128GB),Samsung,16499,Dual Sim,0,8,6 GB,128 GB,5000,1,6.6,120,Water Drop,Quad,50.0,8.0
OPPO A16K (4GB RAM + 64GB),OPPO,10999,Dual Sim,0,8,4 GB,64 GB,4230,0,6.52,120,Water Drop,Single,13.0,5.0
Xiaomi Redmi 10C,Xiaomi,13990,Dual Sim,0,8,4 GB,64 GB,6000,1,6.7,120,Water Drop,Dual,50.0,5.0
Tecno Spark 9 Pro,Tecno,9999,Dual Sim,0,8,4 GB,64 GB,5000,1,6.6,90,Water Drop,Triple,48.0,32.0
Realme GT Neo 3 5G,Realme,31994,Dual Sim,1,8,8 GB,128 GB,5000,1,6.7,120,Punch Hole,Triple,50.0,16.0
Xiaomi 11i HyperCharge 5G,Xiaomi,24820,Dual Sim,1,8,6 GB,128 GB,4500,1,6.67,120,Punch Hole,Triple,108.0,16.0
iQOO Neo 6 SE 5G,iQOO,22990,Dual Sim,1,8,8 GB,128 GB,4700,1,6.62,120,Punch Hole,Triple,64.0,16.0
iQOO 9 Pro 5G,iQOO,59990,Dual Sim,1,8,8 GB,256 GB,4700,1,6.78,120,Punch Hole,Triple,50.0,16.0
Realme Narzo 50i (4GB RAM + 64GB),Realme,8999,Dual Sim,0,8,4 GB,64 GB,5000,0,6.5,120,Water Drop,Single,8.0,5.0
Xiaomi Redmi 9 Activ (6GB RAM + 128GB),Xiaomi,10499,Dual Sim,0,8,6 GB,128 GB,5000,0,6.53,120,Water Drop,Dual,13.0,5.0
Jio JioPhone Next (3GB RAM + 32GB),Jio,7499,Dual Sim,0,4,3 GB,32 GB,3000,0,5.5,120,Punch Hole,Single,13.0,8.0
Xiaomi Redmi Note 8 2021,Xiaomi,9990,Dual Sim,0,8,4 GB,64 GB,4000,1,6.3,120,Water Drop,Quad,48.0,13.0
Xiaomi Redmi Note 10 5G,Xiaomi,12490,Dual Sim,1,8,4 GB,128 GB,5000,1,6.5,90,Punch Hole,Triple,48.0,8.0
Vivo Y20G,Vivo,13990,Dual Sim,0,8,4 GB,64 GB,5000,1,6.51,120,Water Drop,Triple,13.0,8.0
Samsung Galaxy A22 5G,Samsung,17990,Dual Sim,1,8,6 GB,128 GB,5000,1,6.6,90,Water Drop,Triple,48.0,8.0
Vivo V21,Vivo,24999,Dual Sim,0,8,8 GB,128 GB,4000,1,6.44,90,Water Drop,Triple,64.0,44.0
Realme 7 Pro (8GB RAM + 128GB),Realme,21999,Dual Sim,0,8,8 GB,128 GB,4500,1,6.4,120,Punch Hole,Quad,64.0,32.0
OnePlus Nord Lite,OnePlus,19999,Dual Sim,0,8,8 GB,128 GB,4300,1,6.55,90,Punch Hole,Triple,48.0,16.0
Samsung Galaxy S20 Ultra 5G,Samsung,99999,Dual Sim,1,8,12 GB,128 GB,5000,1,6.9,120,Punch Hole,Quad,108.0,40.0
Apple iPhone 11 Pro Max,Apple,109900,Dual Sim,0,6,4 GB,64 GB,3500,1,6.5,120,Large,Triple,12.0,12.0
Apple iPhone 7s,Apple,52990,Single Sim,0,4,3 GB,32 GB,2230,0,4.7,120,Punch Hole,Single,13.0,7.0
Sony Xperia Ace IV,Sony,19990,Dual Sim,0,8,8 GB,128 GB,5000,1,6.5,120,Punch Hole,Dual,50.0,16.0
Samsung Galaxy A04e (4GB RAM + 128GB),Samsung,11499,Dual Sim,0,8,4 GB,128 GB,5000,0,6.5,120,Water Drop,Dual,13.0,5.0
Xiaomi Redmi Note 12 4G,Xiaomi,13999,Dual Sim,0,8,4 GB,64 GB,5000,1,6.67,120,Punch Hole,Triple,48.0,13.0
Oukitel WP21,Oukitel,22990,Dual Sim,0,8,12 GB,256 GB,9800,1,6.78,120,Punch Hole,Triple,0.0,0.0
Vivo V28,Vivo,28990,Dual Sim,1,8,8 GB,256 GB,5000,1,6.7,120,Water Drop,Triple,108.0,32.0
Poco F4 5G (8GB RAM + 128GB),Poco,27999,Dual Sim,1,8,8 GB,128 GB,4500,1,6.67,120,Punch Hole,Triple,64.0,20.0
Xiaomi Redmi Note 11T Pro 5G,Xiaomi,19990,Dual Sim,1,8,6 GB,128 GB,5080,1,6.6,144,Punch Hole,Triple,64.0,16.0
Realme Narzo 50 Pro 5G (8GB RAM + 128GB),Realme,22999,Dual Sim,1,8,8 GB,128 GB,5000,1,6.4,90,Punch Hole,Triple,48.0,16.0
Vivo T1 44W (8GB RAM + 128GB),Vivo,17999,Dual Sim,0,8,8 GB,128 GB,5000,1,6.44,120,Water Drop,Triple,50.0,16.0
Xiaomi Redmi Note 11S (6GB RAM + 128GB),Xiaomi,15499,Dual Sim,0,8,6 GB,128 GB,5000,1,6.43,90,Punch Hole,Quad,108.0,16.0
Lava Agni 5G,Lava,17990,Dual Sim,1,8,8 GB,128 GB,5000,1,6.78,90,Punch Hole,Quad,64.0,16.0
Realme 8i (6GB RAM + 128GB),Realme,13999,Dual Sim,0,8,6 GB,128 GB,5000,1,6.6,120,Punch Hole,Triple,50.0,16.0
OPPO A55 4G,OPPO,13499,Dual Sim,0,8,4 GB,64 GB,5000,1,6.51,120,Punch Hole,Triple,50.0,16.0
POCO M3 Pro 5G (6GB RAM + 128GB),POCO,14799,Dual Sim,1,8,6 GB,128 GB,5000,1,6.5,90,Punch Hole,Triple,48.0,8.0
Realme C21Y,Realme,6999,Dual Sim,0,8,3 GB,32 GB,5000,0,6.5,120,Water Drop,Triple,13.0,5.0
OPPO A16,OPPO,11999,Dual Sim,0,8,4 GB,64 GB,5000,0,6.52,120,Water Drop,Triple,13.0,8.0
Vivo V21 5G,Vivo,23994,Dual Sim,1,8,8 GB,128 GB,4000,1,6.44,90,Water Drop,Triple,64.0,44.0
Nokia 225 4G,Nokia,3589,Dual Sim,0,1,64 MB,128 MB,1150,0,2.4,120,Punch Hole,Single,0.3,0.0
Sony Xperia 1 II,Sony,69999,Dual Sim,1,8,8 GB,256 GB,4000,1,6.5,120,Punch Hole,Quad,12.0,8.0
Motorola Edge Plus,Motorola,57999,Single Sim,1,8,12 GB,256 GB,5000,1,6.7,90,Punch Hole,Triple,108.0,25.0
Samsung Galaxy Note 20,Samsung,86000,Dual Sim,0,8,8 GB,256 GB,4300,1,6.7,120,Punch Hole,Triple,64.0,10.0
Samsung Galaxy A12,Samsung,11999,Dual Sim,0,8,4 GB,64 GB,5000,1,6.5,120,Water Drop,Quad,48.0,8.0
Xiaomi Redmi Note 12 Pro 4G,Xiaomi,14999,Dual Sim,0,8,6 GB,128 GB,5000,1,6.67,120,Punch Hole,Triple,50.0,16.0
Realme GT Neo 3T (8GB RAM + 128GB),Realme,26499,Dual Sim,1,8,8 GB,128 GB,5000,1,6.62,120,Punch Hole,Triple,64.0,16.0
Realme C30s (4GB RAM + 64GB),Realme,8990,Dual Sim,0,8,4 GB,64 GB,5000,1,6.5,120,Water Drop,Single,8.0,5.0
Apple iPhone 14 (512GB),Apple,95999,Dual Sim,1,6,6 GB,512 GB,3279,1,6.1,120,Small,Dual,12.0,12.0
iQOO 9T 5G,iQOO,47990,Dual Sim,1,8,8 GB,128 GB,4700,1,6.78,120,Punch Hole,Triple,50.0,16.0
Tecno Camon 19 Pro,Tecno,17990,Dual Sim,0,8,8 GB,128 GB,5000,1,6.8,120,Punch Hole,Triple,64.0,32.0
OnePlus Nord 2 Lite 5G,OnePlus,22999,Dual Sim,1,8,8 GB,128 GB,5000,1,6.59,120,Punch Hole,Triple,64.0,16.0
Samsung Galaxy S22 Ultra 5G (8GB RAM + 128GB),Samsung,99990,Dual Sim,1,8,8 GB,128 GB,5000,1,6.8,120,Punch Hole,Quad,108.0,40.0
POCO F4 GT 5G,POCO,39999,Dual Sim,1,8,8 GB,128 GB,4700,1,6.67,120,Punch Hole,Triple,64.0,20.0
Xiaomi 11T Pro 5G (12GB RAM + 256GB),Xiaomi,38999,Dual Sim,1,8,12 GB,256 GB,5000,1,6.67,120,Punch Hole,Triple,108.0,16.0
Vivo Y10,Vivo,12490,Dual Sim,0,8,4 GB,128 GB,5000,0,6.51,120,Water Drop,Dual,13.0,8.0
Samsung Galaxy A83 5G,Samsung,39990,Dual Sim,1,8,6 GB,128 GB,4500,1,6.71,120,Punch Hole,Triple,64.0,10.0
Vivo Y33s,Vivo,16685,Dual Sim,0,8,8 GB,128 GB,5000,1,6.58,120,Water Drop,Triple,50.0,16.0
Huawei Mate 40 Pro 4G,Huawei,69990,Dual Sim,0,8,8 GB,128 GB,4400,1,6.76,90,Punch Hole,Triple,50.0,13.0
Micromax IN 2B,Micromax,6999,Dual Sim,0,8,4 GB,64 GB,5000,0,6.52,120,Water Drop,Dual,13.0,5.0
Asus ROG Phone 6,Asus,71999,Dual Sim,1,8,12 GB,256 GB,6000,1,6.78,165,Punch Hole,Triple,50.0,12.0
Realme X7 Max,Realme,26999,Dual Sim,1,8,8 GB,128 GB,4500,1,6.43,120,Punch Hole,Triple,64.0,16.0
Realme 8 5G,Realme,16499,Dual Sim,1,8,4 GB,128 GB,5000,1,6.5,90,Punch Hole,Triple,48.0,16.0
OPPO A55 5G,OPPO,17990,Dual Sim,1,8,6 GB,128 GB,5000,0,6.5,120,Water Drop,Triple,13.0,8.0
Xiaomi Redmi 9,Xiaomi,8999,Dual Sim,0,8,4 GB,64 GB,5000,0,6.53,120,Water Drop,Dual,13.0,5.0
Apple iPhone SE 2020,Apple,39900,Dual Sim,0,6,3 GB,64 GB,1821,1,4.7,120,Punch Hole,Single,12.0,7.0
Letv Y1 Pro Plus,Letv,5999,Dual Sim,0,4,6 GB,64 GB,4000,1,6.5,120,Small,Dual,8.0,5.0
OnePlus Nord 5,OnePlus,34999,Dual Sim,1,8,8 GB,128 GB,5000,1,6.57,120,Punch Hole,Triple,64.0,32.0
Vivo Y73T,Vivo,16990,Dual Sim,1,8,8 GB,128 GB,6000,1,6.58,120,Water Drop,Dual,50.0,8.0
OPPO Reno 9 Z,OPPO,22990,Dual Sim,1,8,8 GB,128 GB,4800,1,6.58,120,Punch Hole,Triple,50.0,32.0
Vivo V25e,Vivo,19990,Dual Sim,0,8,8 GB,256 GB,4500,1,6.44,90,Punch Hole,Triple,64.0,32.0
Infinix Hot 12 Pro,Infinix,10850,Dual Sim,0,8,6 GB,64 GB,5000,1,6.6,90,Water Drop,Dual,50.0,8.0
Realme Narzo 50 5G (4GB RAM + 64GB),Realme,13499,Dual Sim,1,8,4 GB,64 GB,5000,1,6.6,90,Punch Hole,Triple,48.0,16.0
itel Vision 3,itel,6699,Dual Sim,0,8,3 GB,64 GB,5000,1,6.6,120,Water Drop,Dual,8.0,5.0
OPPO A96 4G,OPPO,17999,Dual Sim,0,8,8 GB,128 GB,5000,1,6.59,90,Punch Hole,Dual,50.0,16.0
Xiaomi Redmi Note 11E 5G,Xiaomi,13990,Dual Sim,1,8,4 GB,128 GB,5000,1,6.58,90,Punch Hole,Dual,50.0,5.0
Honor Magic 4 Pro Plus 5G,Honor,94990,Dual Sim,1,8,12 GB,512 GB,4600,1,6.76,120,Punch Hole,Quad,50.0,13.0
Tecno Spark 9T,Tecno,8968,Dual Sim,0,8,4 GB,64 GB,5000,1,6.6,120,Water Drop,Triple,50.0,8.0
Infinix Smart 6,Infinix,7320,Dual Sim,0,4,2 GB,64 GB,5000,0,6.6,120,Water Drop,Dual,8.0,5.0
Realme C25Y (4GB RAM + 64GB),Realme,8999,Dual Sim,0,8,4 GB,64 GB,5000,1,6.5,120,Water Drop,Triple,50.0,8.0
Samsung Galaxy A12 (6GB RAM + 128GB),Samsung,13999,Dual Sim,0,8,6 GB,128 GB,5000,1,6.5,120,Water Drop,Quad,48.0,8.0
Tecno Camon 19,Tecno,14746,Dual Sim,0,8,6 GB,128 GB,5000,1,6.8,120,Punch Hole,Triple,64.0,16.0
Xiaomi Redmi Note 10 Pro 5G,Xiaomi,16999,Dual Sim,1,8,6 GB,128 GB,5000,1,6.6,120,Punch Hole,Triple,64.0,16.0
Xiaomi Mi 11X 5G (8GB RAM + 128GB),Xiaomi,25990,Dual Sim,1,8,8 GB,128 GB,4520,1,6.67,120,Punch Hole,Triple,48.0,20.0
Xiaomi Redmi Note 10 (6GB RAM + 128GB),Xiaomi,16499,Dual Sim,0,8,6 GB,128 GB,5000,1,6.43,120,Punch Hole,Quad,48.0,13.0
Xiaomi Redmi Note 10 Pro Max,Xiaomi,19999,Dual Sim,0,8,6 GB,64 GB,5020,1,6.67,120,Punch Hole,Quad,108.0,16.0
Xiaomi Mi 10T 5G,Xiaomi,23500,Dual Sim,1,8,6 GB,128 GB,5000,1,6.67,144,Punch Hole,Triple,64.0,20.0
LG Velvet 5G,LG,54999,Dual Sim,1,8,6 GB,128 GB,4300,1,6.8,120,Water Drop,Triple,48.0,16.0
Motorola One Fusion Plus,Motorola,19499,Dual Sim,0,8,6 GB,128 GB,5000,1,6.5,120,Punch Hole,Quad,64.0,16.0
LG V60 ThinQ,LG,79990,Dual Sim,1,8,8 GB,128 GB,5000,1,6.8,120,Punch Hole,Triple,0.0,0.0
Samsung Galaxy Note 10 Lite,Samsung,39999,Dual Sim,0,8,6 GB,128 GB,4500,1,6.7,120,Punch Hole,Triple,12.0,32.0
Samsung Galaxy Note 10 Plus 5G,Samsung,92999,Dual Sim,1,8,12 GB,256 GB,4300,1,6.8,120,Punch Hole,Quad,12.0,10.0
Xiaomi Qin 1,Xiaomi,1799,Dual Sim,0,1,8 MB,16 MB,1480,0,2.8,120,Punch Hole,Triple,0.0,0.0
iQOO Neo 7 Racing Edition,iQOO,32990,Dual Sim,1,8,8 GB,256 GB,5000,1,6.78,120,Punch Hole,Triple,50.0,16.0
Samsung Galaxy A04s (4GB RAM + 128GB),Samsung,14499,Dual Sim,0,8,4 GB,128 GB,5000,1,6.5,90,Water Drop,Triple,50.0,5.0
Vivo Y35 5G,Vivo,13999,Dual Sim,1,8,4 GB,128 GB,5000,1,6.51,120,Water Drop,Dual,13.0,5.0
Vivo Y02 (2GB RAM + 32GB),Vivo,7999,Dual Sim,0,8,2 GB,32 GB,5000,1,6.51,120,Water Drop,Single,8.0,5.0
itel Vision 3 (2GB RAM + 32GB),itel,5785,Dual Sim,0,8,2 GB,32 GB,5000,1,6.6,120,Water Drop,Dual,8.0,5.0
Xiaomi Redmi Note 11R,Xiaomi,12990,Dual Sim,1,8,4 GB,128 GB,5000,1,6.58,90,Water Drop,Dual,13.0,5.0
Poco M6 Pro,Poco,19990,Dual Sim,1,8,8 GB,128 GB,5100,1,6.73,120,Punch Hole,Triple,108.0,32.0
OPPO A97 5G,OPPO,23990,Dual Sim,1,8,12 GB,256 GB,5000,1,6.56,90,Water Drop,Dual,48.0,8.0
Samsung Galaxy A24,Samsung,17999,Dual Sim,0,8,6 GB,64 GB,4000,1,6.4,120,Water Drop,Triple,48.0,16.0
Infinix Note 13 Pro,Infinix,16999,Dual Sim,0,8,6 GB,128 GB,5000,1,6.91,120,Punch Hole,Quad,108.0,16.0
Honor Play 30,Honor,9999,Dual Sim,1,8,4 GB,128 GB,5000,0,6.5,120,Water Drop,Single,13.0,5.0
Infinix Smart 6 Plus,Infinix,8299,Dual Sim,0,8,3 GB,64 GB,5000,0,6.82,120,Water Drop,Dual,8.0,5.0
Sony Xperia 5 IV 5G,Sony,82199,Dual Sim,1,8,8 GB,256 GB,5000,1,6.1,120,Punch Hole,Triple,12.0,12.0
Nubia Z40 Pro 5G,Nubia,49990,Dual Sim,1,8,8 GB,128 GB,5000,1,6.67,144,Punch Hole,Triple,64.0,16.0
Nokia G21,Nokia,11999,Dual Sim,0,8,4 GB,64 GB,5050,1,6.5,90,Water Drop,Triple,50.0,8.0
Xiaomi 12 Lite 5G,Xiaomi,29990,Dual Sim,1,8,6 GB,128 GB,4300,1,6.55,120,Punch Hole,Triple,108.0,32.0
Oppo Find N 5G,Oppo,92249,Dual Sim,1,8,8 GB,256 GB,4500,1,7.1,120,Punch Hole,Triple,0.0,0.0
Apple iPhone 13 Pro Max (256GB),Apple,139900,Dual Sim,1,6,6 GB,256 GB,4352,1,6.7,120,Small,Triple,12.0,12.0
Vivo Y21s,Vivo,14990,Dual Sim,0,8,4 GB,128 GB,5000,1,6.51,120,Water Drop,Triple,50.0,8.0
OPPO F19s,OPPO,15988,Dual Sim,0,8,6 GB,128 GB,5000,1,6.43,120,Punch Hole,Triple,48.0,16.0
Samsung Galaxy M21 2021,Samsung,11725,Dual Sim,0,8,4 GB,64 GB,6000,1,6.4,120,Water Drop,Triple,48.0,20.0
OPPO F19 Pro,OPPO,17994,Dual Sim,0,8,8 GB,128 GB,4310,1,6.43,120,Punch Hole,Quad,48.0,16.0
OPPO X 2021,OPPO,134999,Single Sim,0,8,8 GB,256 GB,4000,1,7.4,120,Punch Hole,Triple,0.0,0.0
OnePlus Nord N10,OnePlus,25595,Dual Sim,1,8,6 GB,128 GB,4300,1,6.49,90,Punch Hole,Quad,64.0,16.0
Gionee M12 Pro,Gionee,7499,Dual Sim,0,8,6 GB,128 GB,4000,0,6.2,120,Water Drop,Single,16.0,13.0
Poco M2,Poco,10890,Dual Sim,0,8,6 GB,64 GB,5000,1,6.53,120,Water Drop,Quad,13.0,8.0
OPPO F17 Pro,OPPO,18990,Dual Sim,0,8,8 GB,128 GB,4015,1,6.43,120,Dual Punch Hole,Quad,48.0,16.0
Motorola Moto G 5G,Motorola,19990,Dual Sim,1,8,6 GB,128 GB,5000,1,6.67,120,Punch Hole,Triple,48.0,16.0
Samsung Galaxy A50s,Samsung,15990,Dual Sim,0,8,4 GB,128 GB,4000,1,6.4,120,Water Drop,Triple,48.0,32.0
Samsung Galaxy Note 10 Plus,Samsung,58999,Dual Sim,0,8,12 GB,256 GB,4300,1,6.8,120,Punch Hole,Quad,12.0,10.0
Vivo Y15,Vivo,12500,Dual Sim,0,8,4 GB,64 GB,5000,0,6.35,120,Water Drop,Triple,13.0,16.0
Vivo S1 Pro,Vivo,29999,Dual Sim,0,8,8 GB,128 GB,4500,1,6.38,120,Water Drop,Quad,48.0,32.0
Vivo T3 Pro,Vivo,31990,Dual Sim,1,8,8 GB,256 GB,4700,1,6.67,120,Water Drop,Triple,64.0,32.0
Vivo V21s,Vivo,29999,Dual Sim,1,8,8 GB,128 GB,4000,1,6.44,90,Water Drop,Triple,64.0,44.0
Asus ROG Phone 6D Ultimate,Asus,107990,Dual Sim,1,8,16 GB,512 GB,6000,1,6.78,165,Punch Hole,Triple,0.0,0.0
Motorola Moto Edge 30 Neo,Motorola,31990,Dual Sim,1,8,8 GB,128 GB,4020,1,6.28,120,Punch Hole,Dual,64.0,32.0
Xiaomi 12T,Xiaomi,48990,Dual Sim,1,8,8 GB,128 GB,5000,1,6.67,120,Punch Hole,Triple,108.0,20.0
Huawei Mate 50 Pro 5G,Huawei,99990,Dual Sim,1,8,8 GB,256 GB,4500,1,6.76,120,Small,Triple,64.0,13.0
Realme C32,Realme,9499,Dual Sim,0,8,4 GB,64 GB,5000,0,6.52,120,Water Drop,Triple,13.0,5.0
Huawei Mate Xs 2,Huawei,162990,Dual Sim,0,8,8 GB,512 GB,4600,1,7.8,120,Punch Hole,Triple,0.0,0.0
iQOO Z7 Pro 5G,iQOO,24999,Dual Sim,1,8,6 GB,128 GB,5000,1,6.62,144,Water Drop,Triple,50.0,16.0
Apple iPhone 15,Apple,82990,Dual Sim,0,1,6 GB,128 GB,3285,1,6.06,120,Punch Hole,Dual,50.0,13.0
Infinix Note 11S (8GB RAM + 128GB),Infinix,15999,Dual Sim,0,8,8 GB,128 GB,5000,1,6.95,120,Punch Hole,Triple,50.0,16.0
Tecno Spark 8 (4GB RAM + 64GB),Tecno,8999,Dual Sim,0,8,4 GB,64 GB,5000,0,6.52,120,Water Drop,Dual,16.0,8.0
Oppo A56 5G,Oppo,17990,Dual Sim,1,8,6 GB,128 GB,5000,0,6.5,120,Water Drop,Dual,13.0,8.0
Vivo X80 Pro Plus 5G,Vivo,82990,Dual Sim,1,8,12 GB,256 GB,4500,1,6.78,120,Punch Hole,Quad,50.0,32.0
Xiaomi Redmi 10 Prime (6GB RAM + 128GB),Xiaomi,12999,Dual Sim,0,8,6 GB,128 GB,6000,1,6.5,90,Punch Hole,Quad,50.0,8.0
Huawei Nova 9,Huawei,29990,Dual Sim,0,8,8 GB,128 GB,4300,1,6.57,120,Punch Hole,Quad,50.0,32.0
Tecno Pop 5 Go,Tecno,6999,Dual Sim,0,4,1 GB,16 GB,4000,0,6.1,120,Water Drop,Dual,5.0,5.0
Huawei P50 Pro 4G,Huawei,60999,Dual Sim,0,8,8 GB,256 GB,4360,1,6.6,120,Punch Hole,Quad,50.0,13.0
Xiaomi Redmi K50 5G,Xiaomi,27990,Dual Sim,1,8,8 GB,128 GB,5500,1,6.67,120,Punch Hole,Triple,48.0,20.0
Nokia C01 Plus,Nokia,5249,Dual Sim,0,8,2 GB,16 GB,3000,0,5.45,120,Punch Hole,Single,5.0,5.0
Realme Q3,Realme,14999,Dual Sim,1,8,6 GB,128 GB,5000,1,6.5,120,Punch Hole,Triple,48.0,16.0
OPPO Reno 6 Pro Plus 5G,OPPO,44990,Dual Sim,1,8,8 GB,128 GB,4500,1,6.55,90,Punch Hole,Quad,50.0,32.0
Motorola Edge S,Motorola,22490,Dual Sim,1,8,6 GB,128 GB,5000,1,6.7,90,Punch Hole,Quad,64.0,16.0
Oppo Find X3 Pro,Oppo,50990,Dual Sim,1,8,12 GB,256 GB,4500,1,6.7,120,Punch Hole,Quad,50.0,32.0
Poco M3,Poco,11499,Dual Sim,0,8,6 GB,64 GB,6000,1,6.53,120,Water Drop,Triple,48.0,8.0
itel S16,itel,5990,Dual Sim,0,4,1 GB,16 GB,4000,0,6.5,120,Water Drop,Triple,8.0,8.0
Vivo V20 Pro,Vivo,27000,Dual Sim,1,8,8 GB,128 GB,4000,1,6.44,120,Small,Triple,64.0,44.0
Xiaomi Mi 10T Pro 5G,Xiaomi,29999,Dual Sim,1,8,8 GB,128 GB,5000,1,6.67,144,Punch Hole,Triple,108.0,20.0
Vivo V19 (8GB RAM + 256GB),Vivo,27990,Dual Sim,0,8,8 GB,256 GB,4500,1,6.44,120,Dual Punch Hole,Quad,48.0,32.0
Samsung Galaxy S20 5G,Samsung,74999,Dual Sim,1,8,8 GB,128 GB,4000,1,6.2,120,Punch Hole,Triple,64.0,10.0
Vivo U3,Vivo,9990,Dual Sim,0,8,4 GB,64 GB,5000,1,6.53,120,Water Drop,Triple,16.0,16.0
Oppo K5 (8GB RAM + 128GB),Oppo,19990,Dual Sim,0,8,8 GB,128 GB,4000,1,6.4,120,Water Drop,Quad,64.0,32.0
Realme XT,Realme,13279,Dual Sim,0,8,4 GB,64 GB,4000,1,6.4,120,Water Drop,Quad,64.0,16.0
Vivo Y12 (3GB RAM + 64GB),Vivo,11000,Dual Sim,0,8,3 GB,64 GB,5000,0,6.35,120,Water Drop,Triple,13.0,8.0
Xiaomi Poco F1 (6GB RAM + 128GB),Xiaomi,12999,Dual Sim,0,8,6 GB,128 GB,4000,1,6.18,120,Large,Dual,12.0,20.0
Poco C50 (3GB RAM + 32GB),Poco,7299,Dual Sim,0,4,3 GB,32 GB,5000,1,6.52,120,Water Drop,Dual,8.0,5.0
iKall Z19,iKall,7999,Dual Sim,0,4,4 GB,32 GB,5000,0,6.5,120,Water Drop,Single,20.0,13.0
Xiaomi Redmi K60 Gaming Edition,Xiaomi,54990,Dual Sim,1,8,8 GB,128 GB,5000,1,6.73,120,Punch Hole,Triple,50.0,20.0
Vivo S17 Pro,Vivo,49990,Dual Sim,1,8,12 GB,256 GB,5000,1,6.67,120,Punch Hole,Triple,50.0,32.0
Honor 80 Pro Plus,Honor,54990,Dual Sim,1,8,12 GB,256 GB,4500,1,6.78,120,Punch Hole,Triple,200.0,50.0
Tecno Pova Neo 5G,Tecno,15499,Dual Sim,0,8,4 GB,128 GB,6000,1,6.8,120,Punch Hole,Dual,50.0,8.0
Apple iPhone 14 Pro Max (512GB),Apple,169900,Dual Sim,1,6,6 GB,512 GB,4323,1,6.7,120,Punch Hole,Triple,48.0,12.0
Google Pixel 8,Google,53990,Dual Sim,1,8,8 GB,128 GB,4830,1,6.6,120,Punch Hole,Dual,50.0,10.1
Vivo T2x 5G,Vivo,18990,Dual Sim,1,8,8 GB,128 GB,6000,1,6.58,120,Water Drop,Dual,50.0,16.0
Motorola Moto G52 5G,Motorola,16999,Dual Sim,1,8,4 GB,64 GB,5000,1,6.6,90,Punch Hole,Triple,50.0,16.0
Motorola Edge 40 5G,Motorola,34999,Dual Sim,1,8,8 GB,128 GB,4200,1,6.5,144,Punch Hole,Triple,50.0,32.0
Vivo X Note 5G (12GB RAM + 512GB),Vivo,82990,Dual Sim,1,8,12 GB,512 GB,5000,1,7,120,Punch Hole,Quad,50.0,16.0
Realme GT 2 Pro 5G (12GB RAM + 256GB),Realme,46999,Dual Sim,1,8,12 GB,256 GB,5000,1,6.7,120,Punch Hole,Triple,50.0,32.0
Vivo Y15C,Vivo,8499,Dual Sim,0,8,3 GB,32 GB,5000,0,6.51,120,Water Drop,Dual,13.0,8.0
Honor X8,Honor,16999,Dual Sim,0,8,6 GB,128 GB,4000,1,6.7,90,Punch Hole,Quad,64.0,16.0
Samsung Galaxy A03 (4GB RAM + 64GB),Samsung,11499,Dual Sim,0,8,4 GB,64 GB,5000,1,6.5,120,Water Drop,Dual,48.0,5.0
Samsung Galaxy S22 Plus 5G (8GB RAM + 256GB),Samsung,88999,Dual Sim,1,8,8 GB,256 GB,4500,1,6.6,120,Punch Hole,Triple,50.0,10.0
Vivo Y33T,Vivo,15990,Dual Sim,0,8,8 GB,128 GB,5000,1,6.58,90,Water Drop,Triple,50.0,16.0
Xiaomi 11i 5G (8GB RAM + 128GB),Xiaomi,24990,Dual Sim,1,8,8 GB,128 GB,5160,1,6.67,120,Punch Hole,Triple,108.0,16.0
Oppo Find X5 Pro 5G,Oppo,79990,Dual Sim,1,8,8 GB,256 GB,5000,1,6.7,120,Punch Hole,Triple,50.0,32.0
Tecno Spark Go 2022,Tecno,6249,Dual Sim,0,8,2 GB,32 GB,5000,0,6.51,120,Water Drop,Dual,13.0,8.0
Vivo Y21e,Vivo,12499,Dual Sim,0,8,3 GB,64 GB,5000,1,6.51,120,Water Drop,Dual,13.0,8.0
Xiaomi Redmi 9A Sport,Xiaomi,6499,Dual Sim,0,8,2 GB,32 GB,5000,0,6.53,120,Water Drop,Single,13.0,5.0
Apple iPhone 13 Pro Max (1TB),Apple,179900,Dual Sim,1,6,6 GB,1 TB,4352,1,6.7,120,Small,Triple,12.0,12.0
Vivo Y12G (3GB RAM + 64GB),Vivo,11990,Dual Sim,0,8,3 GB,64 GB,5000,0,6.51,120,Water Drop,Triple,13.0,8.0
Vivo V23e,Vivo,26990,Dual Sim,0,8,8 GB,128 GB,4050,1,6.44,120,Water Drop,Triple,64.0,50.0
Samsung Galaxy F22 (6GB RAM + 128GB),Samsung,13499,Dual Sim,0,8,6 GB,128 GB,6000,0,6.4,90,Water Drop,Quad,48.0,13.0
Xiaomi 12 Ultra 5G,Xiaomi,75999,Dual Sim,1,8,12 GB,256 GB,4800,1,6.73,120,Punch Hole,Triple,50.0,20.0
Micromax IN 2C,Micromax,5999,Dual Sim,0,8,3 GB,32 GB,5000,0,6.52,120,Water Drop,Single,8.0,5.0
Samsung Galaxy A03s,Samsung,8499,Dual Sim,0,8,3 GB,32 GB,5000,1,6.5,120,Water Drop,Triple,13.0,5.0
OPPO A54 (4GB RAM + 128GB),OPPO,11990,Dual Sim,0,8,4 GB,128 GB,5000,1,6.51,120,Punch Hole,Triple,13.0,16.0
Xiaomi Redmi 20X,Xiaomi,10990,Dual Sim,1,8,4 GB,128 GB,5000,1,6.43,90,Punch Hole,Quad,48.0,13.0
Xiaomi Mi Mix Fold,Xiaomi,109990,Dual Sim,1,8,12 GB,256 GB,5020,1,8.01,90,Punch Hole,Triple,0.0,0.0
Realme Narzo 30 5G,Realme,16999,Dual Sim,1,8,6 GB,128 GB,5000,1,6.5,90,Punch Hole,Triple,48.0,16.0
OPPO A54,OPPO,12199,Dual Sim,0,8,4 GB,64 GB,5000,1,6.51,120,Punch Hole,Triple,13.0,16.0
Oppo A15s (4GB RAM + 128GB),Oppo,11490,Dual Sim,0,8,4 GB,128 GB,4230,0,6.52,120,Water Drop,Triple,13.0,8.0
itel A56,itel,5490,Dual Sim,0,4,1 GB,16 GB,4000,0,6,120,Punch Hole,Dual,8.0,5.0
Xiaomi Redmi 9 Power,Xiaomi,11499,Dual Sim,0,8,4 GB,64 GB,6000,1,6.53,120,Water Drop,Quad,48.0,8.0
Samsung Galaxy S21 Plus,Samsung,59450,Dual Sim,1,8,8 GB,128 GB,4800,1,6.7,120,Punch Hole,Triple,64.0,10.0
POCO M2 Pro,POCO,12799,Dual Sim,0,8,4 GB,64 GB,5000,1,6.67,120,Punch Hole,Quad,48.0,16.0
Samsung Galaxy S20 Plus,Samsung,83000,Dual Sim,0,8,8 GB,128 GB,4500,1,6.7,120,Punch Hole,Quad,64.0,10.0
Realme 6 Pro,Realme,14490,Dual Sim,0,8,6 GB,64 GB,4300,1,6.6,90,Dual Punch Hole,Quad,64.0,16.0
Huawei P40 Pro,Huawei,82990,Dual Sim,1,8,8 GB,256 GB,4200,1,6.58,90,Dual Punch Hole,Quad,50.0,32.0
Vivo Y11 (2019),Vivo,9490,Dual Sim,0,8,3 GB,32 GB,5000,0,6.35,120,Water Drop,Dual,13.0,8.0
Vivo V15 Pro (8GB RAM +128GB),Vivo,25000,Dual Sim,0,8,8 GB,128 GB,3700,1,6.39,120,Punch Hole,Triple,48.0,32.0
Vivo Y95,Vivo,15000,Dual Sim,0,8,4 GB,64 GB,4030,0,6.22,120,Water Drop,Dual,13.0,20.0
Vivo V11i,Vivo,20990,Dual Sim,0,8,4 GB,128 GB,3315,0,6.3,120,Punch Hole,Dual,16.0,25.0
Samsung Galaxy S9 Plus (128GB),Samsung,34999,Dual Sim,0,8,6 GB,128 GB,3500,1,6.2,120,Punch Hole,Dual,12.0,8.0
Realme GT Neo 4T,Realme,29999,Dual Sim,1,8,8 GB,128 GB,5000,1,6.73,144,Punch Hole,Triple,50.0,16.0
Vivo Y53t,Vivo,11999,Dual Sim,1,8,4 GB,128 GB,6000,1,6.51,120,Water Drop,Dual,13.0,5.0
Samsung Galaxy A04 (4GB RAM + 128GB),Samsung,12999,Dual Sim,0,8,4 GB,128 GB,5000,1,6.5,120,Water Drop,Dual,50.0,5.0
Leitz Phone 2,Leitz,124990,Dual Sim,1,8,12 GB,256 GB,5000,1,6.6,240,Punch Hole,Dual,47.2,12.6
Xiaomi Redmi K60i,Xiaomi,28999,Dual Sim,1,8,8 GB,128 GB,5080,1,6.67,120,Punch Hole,Triple,50.0,32.0
Infinix Hot 20S,Infinix,12999,Dual Sim,0,8,8 GB,128 GB,5000,1,6.78,120,Water Drop,Dual,50.0,8.0
Realme GT Neo 3T (8GB RAM + 256GB),Realme,28499,Dual Sim,1,8,8 GB,256 GB,5000,1,6.62,120,Punch Hole,Triple,64.0,16.0
Apple iPhone 14 Plus (512GB),Apple,104999,Dual Sim,1,6,6 GB,512 GB,4325,1,6.7,120,Small,Dual,12.0,12.0
Apple iPhone 14 Pro (1TB),Apple,172999,Dual Sim,1,6,6 GB,1 TB,3200,1,6.1,120,Punch Hole,Triple,48.0,12.0
Xiaomi Redmi 13 Prime 5G,Xiaomi,17990,Dual Sim,1,8,6 GB,128 GB,5100,1,6.73,120,Punch Hole,Dual,64.0,16.0
Xiaomi Redmi 11 Prime (6GB RAM + 128GB),Xiaomi,13774,Dual Sim,0,8,6 GB,128 GB,5000,1,6.58,90,Water Drop,Triple,50.0,8.0
Nokia C21 Plus (4GB RAM + 64GB),Nokia,8999,Dual Sim,0,8,4 GB,64 GB,5050,0,6.52,120,Water Drop,Dual,13.0,5.0
OnePlus Nord N300,OnePlus,18990,Dual Sim,1,8,4 GB,64 GB,5000,1,6.56,90,Water Drop,Dual,48.0,16.0
Tecno Camon 19 Neo,Tecno,14999,Dual Sim,0,8,6 GB,128 GB,5000,1,6.8,90,Punch Hole,Triple,48.0,32.0
Realme Narzo 50i Prime,Realme,7999,Dual Sim,0,8,3 GB,32 GB,5000,1,6.5,120,Water Drop,Single,8.0,5.0
Xiaomi Redmi K50 Ultra 5G,Xiaomi,39999,Dual Sim,1,8,8 GB,128 GB,5000,1,6.67,144,Punch Hole,Triple,108.0,20.0
OPPO A57 4G,OPPO,11990,Dual Sim,0,8,3 GB,64 GB,5000,1,6.56,120,Water Drop,Dual,13.0,8.0
Infinix Note 12 (6GB RAM + 128GB),Infinix,12999,Dual Sim,0,8,6 GB,128 GB,5000,1,6.7,120,Punch Hole,Triple,50.0,16.0
Samsung Galaxy S23 FE 5G,Samsung,54999,Dual Sim,1,8,8 GB,128 GB,4500,1,6.5,120,Punch Hole,Quad,64.0,32.0
Samsung Galaxy M51s 5G,Samsung,24990,Dual Sim,1,8,6 GB,128 GB,6000,1,6.7,120,Punch Hole,Triple,64.0,32.0
Vivo X80 5G (12GB RAM + 256GB),Vivo,59999,Dual Sim,1,8,12 GB,256 GB,4500,1,6.78,120,Punch Hole,Triple,50.0,32.0
Poco X6 Pro 5G,Poco,19999,Dual Sim,1,8,6 GB,128 GB,5000,1,6.67,120,Punch Hole,Quad,64.0,32.0
Infinix Note 12 (G96),Infinix,16999,Dual Sim,0,8,8 GB,128 GB,5000,1,6.7,120,Punch Hole,Triple,50.0,16.0
Samsung Galaxy M14,Samsung,14999,Dual Sim,0,8,4 GB,64 GB,6000,0,6.5,120,Water Drop,Triple,48.0,8.0
Vivo T2 Pro 5G,Vivo,29990,Dual Sim,1,8,8 GB,128 GB,4500,1,6.44,90,Water Drop,Triple,50.0,16.0
Xiaomi Redmi 10 Prime Plus 5G,Xiaomi,13990,Dual Sim,1,8,4 GB,128 GB,5000,1,6.58,90,Punch Hole,Dual,50.0,5.0
Xiaomi Redmi Note 11 Pro 4G,Xiaomi,17999,Dual Sim,0,8,6 GB,128 GB,5000,1,6.67,120,Punch Hole,Quad,108.0,16.0
Realme Narzo 50A Prime,Realme,11399,Dual Sim,0,8,4 GB,64 GB,5000,1,6.6,120,Water Drop,Triple,50.0,8.0
Eunity U1 King,Eunity,599,Dual Sim,0,1,32 MB,32 MB,1000,0,1.8,120,Punch Hole,Single,0.3,0.0
Vivo Y55s 5G,Vivo,19990,Dual Sim,1,8,8 GB,128 GB,6000,1,6.58,120,Water Drop,Dual,50.0,8.0
Vivo Y21T,Vivo,15499,Dual Sim,0,8,4 GB,128 GB,5000,1,6.51,90,Water Drop,Triple,50.0,8.0
Gionee K10,Gionee,6999,Dual Sim,0,4,3 GB,32 GB,4800,0,6.8,120,Punch Hole,Single,13.0,5.0
Xiaomi Redmi Note 10 Lite (4GB RAM + 128GB),Xiaomi,12499,Dual Sim,0,8,4 GB,128 GB,5020,1,6.67,120,Punch Hole,Quad,48.0,16.0
Apple iPhone 13 (512GB),Apple,91999,Dual Sim,1,6,4 GB,512 GB,3240,1,6.1,120,Small,Dual,12.0,12.0
Infinix Hot 11S,Infinix,9690,Dual Sim,0,8,4 GB,64 GB,5000,0,6.78,90,Punch Hole,Triple,50.0,8.0
Realme GT Explorer Master Edition,Realme,32990,Dual Sim,1,8,8 GB,128 GB,4500,1,6.55,120,Punch Hole,Triple,50.0,32.0
Xiaomi Mi 12 5G,Xiaomi,42990,Dual Sim,1,8,8 GB,128 GB,4500,1,6.28,120,Punch Hole,Triple,50.0,32.0
CAT S22 Flip,CAT,14999,Single Sim,0,4,2 GB,16 GB,2000,0,4,120,Punch Hole,Triple,0.0,0.0
Xiaomi Mi 11 Lite (8GB RAM + 128GB),Xiaomi,18699,Dual Sim,0,8,8 GB,128 GB,4250,1,6.55,90,Punch Hole,Triple,64.0,16.0
DIZO Star 500,DIZO,1749,Dual Sim,0,1,32 MB,32 MB,1900,0,2.8,120,Punch Hole,Single,0.3,0.0
Realme Q3i 5G,Realme,10990,Dual Sim,1,8,4 GB,128 GB,5000,1,6.5,120,Punch Hole,Triple,48.0,16.0
Xiaomi Mi 11X Pro,Xiaomi,30990,Dual Sim,1,8,8 GB,128 GB,4520,1,6.67,120,Punch Hole,Triple,108.0,20.0
Lenovo Legion Pro 2,Lenovo,59999,Dual Sim,1,8,16 GB,512 GB,5000,1,6.5,144,Punch Hole,Dual,64.0,20.0
Samsung Galaxy M62,Samsung,23999,Dual Sim,0,8,6 GB,128 GB,7000,1,6.71,120,Punch Hole,Quad,64.0,32.0
Realme Q2i,Realme,9999,Dual Sim,1,8,4 GB,128 GB,5000,1,6.5,120,Water Drop,Triple,13.0,8.0
Nokia 215 4G,Nokia,3099,Dual Sim,0,1,64 MB,128 MB,1150,0,2.4,120,Punch Hole,Triple,0.0,0.0
Xiaomi Redmi 9i (4GB RAM + 128GB),Xiaomi,9299,Dual Sim,0,8,4 GB,128 GB,5000,1,6.53,120,Water Drop,Single,13.0,5.0
Realme 6 (6GB RAM + 64GB),Realme,12989,Dual Sim,0,8,6 GB,64 GB,4300,1,6.5,90,Punch Hole,Quad,64.0,16.0
Samsung Galaxy A01 Core,Samsung,4999,Dual Sim,0,4,1 GB,16 GB,3000,0,5.3,120,Punch Hole,Single,8.0,5.0
Oppo Reno 5,Oppo,29990,Dual Sim,1,8,8 GB,128 GB,4300,1,6.43,120,Punch Hole,Quad,64.0,32.0
Oppo A31 2020 (6GB RAM + 128GB),Oppo,12490,Dual Sim,0,8,6 GB,128 GB,4230,0,6.5,120,Water Drop,Triple,12.0,8.0
Sony Xperia 10 II,Sony,27999,Dual Sim,0,8,4 GB,128 GB,3600,1,6,90,Punch Hole,Triple,12.0,8.0
Vivo Y91c,Vivo,8199,Dual Sim,0,8,2 GB,32 GB,4030,0,6.22,120,Water Drop,Single,13.0,5.0
Huawei Nova 7i,Huawei,21990,Dual Sim,0,8,8 GB,128 GB,4200,1,6.4,120,Punch Hole,Quad,48.0,16.0
Vivo Y19,Vivo,20000,Dual Sim,0,8,4 GB,128 GB,5000,1,6.53,120,Water Drop,Triple,16.0,16.0
Vivo U3 (6GB RAM + 64GB),Vivo,11990,Dual Sim,0,8,6 GB,64 GB,5000,1,6.53,120,Water Drop,Triple,16.0,16.0
Xiaomi Redmi Note 9,Xiaomi,11989,Dual Sim,0,8,4 GB,64 GB,5020,1,6.53,120,Punch Hole,Quad,48.0,13.0
Xiaomi Redmi 8 (4GB RAM + 64GB),Xiaomi,11490,Dual Sim,0,8,4 GB,64 GB,5000,1,6.22,120,Water Drop,Dual,12.0,8.0
Motorola One Macro,Motorola,11490,Dual Sim,0,8,4 GB,64 GB,4000,1,6.2,120,Water Drop,Triple,13.0,8.0
Google Pixel 3a XL,Google,15999,Single Sim,0,8,4 GB,64 GB,3700,1,6,120,Punch Hole,Single,12.2,8.0
Samsung Galaxy A40,Samsung,17990,Dual Sim,0,8,4 GB,64 GB,3100,1,5.9,120,Water Drop,Dual,16.0,25.0
Samsung Galaxy S10 5G,Samsung,78990,Single Sim,1,8,8 GB,256 GB,4500,1,6.7,120,Punch Hole,Triple,16.0,10.0
Huawei Honor 9N,Huawei,10949,Dual Sim,0,8,4 GB,64 GB,3000,0,5.84,120,Small,Dual,13.0,16.0
Xiaomi Redmi Note 4,Xiaomi,10300,Dual Sim,0,8,4 GB,64 GB,4100,0,5.5,120,Punch Hole,Single,13.0,5.0
BlackZone Ultra 4G,BlackZone,1899,Dual Sim,0,1,48 MB,48 MB,2500,0,1.8,120,Punch Hole,Single,2.0,0.0
Doogee V Max,Doogee,45999,Dual Sim,1,8,12 GB,256 GB,22000,1,6.58,120,Water Drop,Triple,108.0,32.0
Huawei Nova Y61,Huawei,21990,Dual Sim,0,8,4 GB,64 GB,5000,1,6.52,120,Water Drop,Triple,50.0,5.0
iQOO Z9,iQOO,19990,Dual Sim,1,8,8 GB,128 GB,5000,1,6.67,120,Water Drop,Triple,64.0,16.0
Vivo V29,Vivo,32990,Dual Sim,1,8,8 GB,256 GB,5000,1,6.67,120,Punch Hole,Triple,64.0,32.0
Poco M5 (6GB RAM + 128GB),Poco,14499,Dual Sim,0,8,6 GB,128 GB,5000,1,6.58,90,Water Drop,Triple,50.0,8.0
Nokia X30,Nokia,41990,Dual Sim,1,8,6 GB,128 GB,4200,1,6.43,90,Punch Hole,Dual,50.0,16.0
Tecno Pova Neo 2,Tecno,13990,Dual Sim,0,8,6 GB,128 GB,7000,0,6.82,90,Water Drop,Dual,16.0,8.0
Nokia 110 (2022),Nokia,1599,Dual Sim,0,1,4 MB,4 MB,1000,0,1.77,120,Punch Hole,Triple,0.0,0.0
Vivo Y15C (3GB RAM + 64GB),Vivo,10490,Dual Sim,0,8,3 GB,64 GB,5000,0,6.51,120,Water Drop,Dual,13.0,8.0
Huawei Nova 10,Huawei,29990,Dual Sim,0,8,8 GB,128 GB,4000,1,6.67,120,Punch Hole,Triple,50.0,60.0
Huawei Nova Y90,Huawei,22990,Dual Sim,0,8,8 GB,128 GB,5000,1,6.7,90,Punch Hole,Quad,50.0,8.0
Samsung Galaxy A92 5G,Samsung,47990,Dual Sim,1,8,8 GB,128 GB,5000,1,6.7,120,Punch Hole,Triple,48.0,16.0
Infinix Note 12 VIP,Infinix,19999,Dual Sim,0,8,8 GB,128 GB,4500,1,6.7,120,Punch Hole,Triple,108.0,16.0
OnePlus Nord 4 5G,OnePlus,29999,Dual Sim,1,8,8 GB,128 GB,4500,1,6.43,120,Punch Hole,Triple,50.0,32.0
Realme Narzo 50A Prime (4GB RAM + 128GB),Realme,11879,Dual Sim,0,8,4 GB,128 GB,5000,1,6.6,120,Water Drop,Triple,50.0,8.0
OnePlus Ace 5G,OnePlus,28990,Dual Sim,1,8,8 GB,128 GB,4500,1,6.7,120,Punch Hole,Triple,50.0,16.0
iQOO 9 5G (12GB RAM + 256GB),iQOO,39990,Dual Sim,1,8,12 GB,256 GB,4350,1,6.56,120,Punch Hole,Triple,48.0,16.0
Xiaomi Redmi Note 12T 5G,Xiaomi,15999,Dual Sim,1,8,6 GB,64 GB,5000,1,6.52,90,Punch Hole,Triple,64.0,16.0
Oppo A96 5G,Oppo,22990,Dual Sim,1,8,8 GB,256 GB,4500,1,6.43,120,Punch Hole,Dual,48.0,16.0
Royole FlexPai 3 5G,Royole,149999,Dual Sim,1,8,8 GB,128 GB,3360,0,7.2,120,Punch Hole,Triple,0.0,0.0
Tecno Camon 18,Tecno,11499,Dual Sim,0,8,4 GB,128 GB,5000,1,6.8,90,Punch Hole,Triple,48.0,16.0
Tecno Phantom X Pro,Tecno,22999,Dual Sim,0,8,8 GB,256 GB,5000,1,6.7,120,Punch Hole,Quad,50.0,48.0
Tecno Spark 8T,Tecno,7999,Dual Sim,0,8,4 GB,64 GB,5000,0,6.6,120,Water Drop,Dual,50.0,8.0
Realme GT Neo2 5G,Realme,31999,Dual Sim,1,8,8 GB,128 GB,5000,1,6.62,120,Punch Hole,Triple,64.0,16.0
Sony Xperia 10 III Lite 5G,Sony,30990,Single Sim,1,8,6 GB,64 GB,4500,1,6,120,Punch Hole,Triple,12.0,8.0
Realme G1,Realme,7999,Dual Sim,0,8,3 GB,32 GB,6000,0,6.52,120,Water Drop,Triple,13.0,5.0
Tecno Pova 2,Tecno,10999,Dual Sim,0,8,4 GB,64 GB,7000,1,6.95,120,Punch Hole,Quad,48.0,8.0
Poco X4,Poco,14990,Dual Sim,1,8,6 GB,128 GB,5000,1,6.67,120,Punch Hole,Triple,50.0,16.0
Motorola Moto G40 Fusion,Motorola,14499,Dual Sim,0,8,4 GB,64 GB,6000,1,6.78,120,Punch Hole,Triple,64.0,16.0
OnePlus 9T,OnePlus,44999,Dual Sim,1,8,8 GB,128 GB,4500,1,6.55,120,Punch Hole,Quad,108.0,16.0
Realme 8 (8GB RAM + 128GB),Realme,17999,Dual Sim,0,8,8 GB,128 GB,5000,1,6.4,120,Punch Hole,Quad,64.0,16.0
Realme Narzo 30 Pro 5G (8GB RAM +128GB),Realme,19999,Dual Sim,1,8,8 GB,128 GB,5000,1,6.5,120,Punch Hole,Triple,48.0,16.0
Itel A23 Pro,Itel,3999,Dual Sim,0,4,1 GB,8 GB,2400,0,5,120,Punch Hole,Single,5.0,2.0
Samsung Galaxy S21 Ultra 5G (12GB RAM + 128GB),Samsung,101999,Dual Sim,1,8,12 GB,128 GB,5000,1,6.8,120,Punch Hole,Quad,108.0,40.0
Oppo Reno 5 Pro 5G,Oppo,38700,Dual Sim,1,8,8 GB,128 GB,4350,1,6.53,90,Punch Hole,Quad,64.0,32.0
OnePlus Nord SE,OnePlus,19999,Dual Sim,0,8,4 GB,64 GB,4500,1,6.3,120,Punch Hole,Quad,48.0,13.0
Samsung Galaxy M12,Samsung,10999,Dual Sim,0,8,4 GB,64 GB,6000,1,6.5,90,Water Drop,Quad,48.0,8.0
OnePlus Nord N100,OnePlus,16990,Dual Sim,0,8,4 GB,64 GB,5000,1,6.52,90,Punch Hole,Triple,13.0,8.0
OPPO A15,OPPO,9999,Dual Sim,0,8,3 GB,32 GB,4230,0,6.52,120,Water Drop,Triple,13.0,5.0
Xiaomi Redmi Note 9 Pro (4GB RAM + 128GB),Xiaomi,14439,Dual Sim,0,8,4 GB,128 GB,5020,1,6.67,120,Punch Hole,Quad,48.0,16.0
Oppo A12,Oppo,9990,Dual Sim,0,8,3 GB,32 GB,4230,0,6.22,120,Water Drop,Dual,13.0,5.0
Realme X50 Pro 5G (8GB RAM + 128GB),Realme,24999,Dual Sim,1,8,8 GB,128 GB,4200,1,6.44,90,Dual Punch Hole,Quad,64.0,32.0
Samsung Galaxy S20 Plus 5G,Samsung,85990,Dual Sim,1,8,8 GB,128 GB,4500,1,6.7,120,Punch Hole,Quad,64.0,10.0
Xiaomi Redmi K20 Pro Signature Edition,Xiaomi,480000,Dual Sim,0,8,8 GB,256 GB,4000,1,6.39,120,Punch Hole,Triple,48.0,20.0
Xiaomi Redmi Note 8 Pro,Xiaomi,16999,Dual Sim,0,8,6 GB,64 GB,4500,1,6.53,120,Water Drop,Quad,64.0,20.0
Realme A1,Realme,8999,Dual Sim,0,8,2 GB,16 GB,4000,0,6.2,120,Water Drop,Dual,13.0,8.0
OPPO A73,OPPO,15990,Dual Sim,0,8,3 GB,32 GB,3200,0,6,120,Punch Hole,Single,13.0,16.0
Lyf Earth 2,Lyf,3890,Dual Sim,0,8,3 GB,32 GB,2500,0,5,120,Punch Hole,Single,13.0,13.0
Apple iPhone 15 Plus,Apple,84990,Dual Sim,1,6,8 GB,128 GB,4532,1,6.71,120,Small,Dual,12.0,12.0
Vivo Y55s 2023,Vivo,21999,Dual Sim,1,8,4 GB,128 GB,5000,1,6.58,120,Water Drop,Triple,50.0,8.0
Lava Blaze NXT,Lava,8999,Dual Sim,0,8,4 GB,64 GB,5000,0,6.5,120,Water Drop,Triple,13.0,8.0
Eunity U1 Livo,Eunity,649,Dual Sim,0,1,16 MB,16 MB,1000,0,1.8,120,Punch Hole,Single,0.3,0.0
Tecno Camon 20 Premier,Tecno,20999,Dual Sim,1,8,6 GB,128 GB,5000,1,6.83,120,Punch Hole,Triple,50.0,16.0
OPPO Reno 8 House of Dragon Edition,OPPO,32990,Dual Sim,1,8,8 GB,128 GB,4500,1,6.43,90,Punch Hole,Triple,50.0,32.0
Motorola Moto E22s,Motorola,9022,Dual Sim,0,8,4 GB,64 GB,5000,1,6.5,90,Punch Hole,Dual,16.0,8.0
Xiaomi Redmi A1 Plus (3GB RAM + 32GB),Xiaomi,8399,Dual Sim,0,4,3 GB,32 GB,5000,1,6.52,120,Water Drop,Dual,8.0,5.0
Infinix Hot 20i,Infinix,9999,Dual Sim,0,8,3 GB,64 GB,5000,0,6.6,120,Water Drop,Dual,13.0,8.0
Tecno Spark 9 (3GB RAM + 64GB),Tecno,8390,Dual Sim,0,8,3 GB,64 GB,5000,0,6.6,90,Water Drop,Dual,13.0,8.0
ZTE Axon 30S,ZTE,19999,Dual Sim,1,8,6 GB,128 GB,4200,1,6.9,120,Punch Hole,Quad,50.0,16.0
Honor X6,Honor,13999,Dual Sim,0,8,4 GB,64 GB,5000,1,6.5,120,Water Drop,Triple,50.0,5.0
Xiaomi Civi 2,Xiaomi,29999,Dual Sim,1,8,8 GB,128 GB,4500,1,6.55,120,Punch Hole,Triple,50.0,32.0
TCL Ion X,TCL,8990,Dual Sim,0,8,3 GB,32 GB,3000,1,6,120,Punch Hole,Single,13.0,5.0
Samsung Galaxy Z Fold 4 (12GB RAM + 1TB),Samsung,163980,Dual Sim,1,8,12 GB,1 TB,4400,1,7.6,120,Punch Hole,Triple,0.0,0.0
Nothing Phone 1 Lite,Nothing,24990,Dual Sim,1,8,6 GB,128 GB,5000,1,6.55,120,Punch Hole,Dual,50.0,16.0
Motorola Moto Edge X30 Pro,Motorola,59990,Dual Sim,1,8,8 GB,128 GB,4450,1,6.67,144,Punch Hole,Triple,200.0,60.0
OnePlus Ace Pro,OnePlus,47990,Dual Sim,1,8,12 GB,256 GB,4800,1,6.7,120,Punch Hole,Triple,50.0,16.0
Realme GT 2 Explorer Master Edition,Realme,40990,Dual Sim,1,8,8 GB,128 GB,5000,1,6.7,120,Punch Hole,Triple,50.0,16.0
Samsung Galaxy M35,Samsung,22999,Dual Sim,0,8,8 GB,128 GB,6000,1,6.5,120,Water Drop,Triple,64.0,32.0
Samsung Galaxy A05,Samsung,12990,Dual Sim,0,8,4 GB,64 GB,5000,1,6.5,120,Water Drop,Dual,48.0,5.0
Infinix Note 12 Turbo,Infinix,14999,Dual Sim,0,8,8 GB,128 GB,5000,1,6.7,120,Punch Hole,Triple,50.0,16.0
POCO F5 GT 5G,POCO,42999,Dual Sim,1,8,8 GB,128 GB,4500,1,6.67,120,Punch Hole,Triple,64.0,20.0
iQOO Z8 5G,iQOO,14999,Dual Sim,1,8,4 GB,128 GB,5000,1,6.58,120,Water Drop,Triple,50.0,16.0
Vivo Y55 4G,Vivo,22990,Dual Sim,0,8,8 GB,128 GB,5000,1,6.44,120,Water Drop,Triple,50.0,16.0
Vivo X Fold 5G (12GB RAM + 512GB),Vivo,118990,Dual Sim,1,8,12 GB,512 GB,4600,1,8.03,120,Punch Hole,Triple,0.0,0.0
Oppo K10 Pro 5G,Oppo,29990,Dual Sim,1,8,8 GB,128 GB,5000,1,6.62,120,Punch Hole,Triple,50.0,16.0
Tecno Spark 8C,Tecno,7399,Dual Sim,0,8,3 GB,64 GB,5000,0,6.6,90,Water Drop,Dual,13.0,8.0
iQOO Z7 5G,iQOO,17999,Dual Sim,1,8,8 GB,128 GB,4200,1,6.67,120,Punch Hole,Triple,50.0,16.0
Infinix Note 11 (6GB RAM + 128GB),Infinix,12799,Dual Sim,0,8,6 GB,128 GB,5000,1,6.7,120,Water Drop,Triple,50.0,16.0
Xiaomi 11i HyperCharge 5G (8GB RAM + 128GB),Xiaomi,26999,Dual Sim,1,8,8 GB,128 GB,4500,1,6.67,120,Punch Hole,Triple,108.0,16.0
Samsung Galaxy F42 5G (8GB RAM + 128GB),Samsung,22999,Dual Sim,1,8,8 GB,128 GB,5000,1,6.6,90,Water Drop,Triple,64.0,8.0
Apple iPhone 13 Pro (1TB),Apple,147900,Dual Sim,1,6,6 GB,1 TB,3095,1,6.1,120,Large,Triple,12.0,12.0
Nubia Red Magic 6S 5G,Nubia,44999,Dual Sim,1,8,8 GB,128 GB,5050,1,6.8,165,Punch Hole,Triple,64.0,8.0
Micromax IN 2B (6GB RAM + 64GB),Micromax,7790,Dual Sim,0,8,6 GB,64 GB,5000,0,6.52,120,Water Drop,Dual,13.0,5.0
Nokia X60 5G,Nokia,39990,Dual Sim,1,8,6 GB,128 GB,6000,1,6.51,144,Punch Hole,Quad,200.0,16.0
Vivo Y12a,Vivo,9999,Dual Sim,0,8,3 GB,32 GB,5000,0,6.51,120,Water Drop,Dual,13.0,8.0
Oppo Reno 5A,Oppo,22990,Dual Sim,1,8,6 GB,128 GB,4000,1,6.5,90,Punch Hole,Quad,64.0,16.0
Poco F3 GT,Poco,32999,Dual Sim,1,8,6 GB,128 GB,5065,1,6.67,120,Punch Hole,Triple,64.0,16.0
Honor 50,Honor,32990,Dual Sim,1,8,6 GB,128 GB,4300,1,6.57,120,Punch Hole,Quad,108.0,32.0
OPPO A54 (6GB RAM + 128GB),OPPO,14999,Dual Sim,0,8,6 GB,128 GB,5000,1,6.51,120,Punch Hole,Triple,13.0,16.0
Realme 8i,Realme,12499,Dual Sim,0,8,4 GB,64 GB,5000,1,6.6,120,Punch Hole,Triple,50.0,16.0
iQOO 7 Legend,iQOO,39990,Dual Sim,1,8,8 GB,128 GB,4000,1,6.62,120,Punch Hole,Triple,48.0,16.0
Realme C11 2021,Realme,6499,Dual Sim,0,8,2 GB,32 GB,5000,0,6.52,120,Water Drop,Single,8.0,5.0
Samsung Galaxy A22,Samsung,18499,Dual Sim,0,8,6 GB,128 GB,5000,1,6.4,120,Water Drop,Quad,48.0,13.0
Realme GT 5G,Realme,30994,Dual Sim,1,8,8 GB,128 GB,4500,1,6.43,120,Punch Hole,Triple,64.0,16.0
Google Pixel 5A,Google,32999,Single Sim,1,8,6 GB,128 GB,4620,1,6.34,120,Punch Hole,Dual,16.0,8.0
Samsung Galaxy F12,Samsung,10499,Dual Sim,0,8,4 GB,64 GB,6000,1,6.5,90,Water Drop,Quad,48.0,8.0
Samsung Galaxy F41 (6GB RAM + 128GB),Samsung,19999,Dual Sim,0,8,6 GB,128 GB,6000,1,6.4,120,Water Drop,Triple,64.0,32.0
Samsung Galaxy A21s (6GB RAM + 128GB),Samsung,17499,Dual Sim,0,8,6 GB,128 GB,5000,0,6.5,120,Punch Hole,Quad,48.0,13.0
Xiaomi Redmi 9A (6GB RAM + 128GB),Xiaomi,10990,Dual Sim,0,8,6 GB,128 GB,5000,0,6.53,120,Water Drop,Single,13.0,5.0
Vivo V20 SE,Vivo,19000,Dual Sim,0,8,8 GB,128 GB,4100,1,6.44,120,Water Drop,Triple,48.0,32.0
OPPO A53 2020 (6GB RAM + 128GB),OPPO,13990,Dual Sim,0,8,6 GB,128 GB,5000,1,6.5,90,Punch Hole,Triple,13.0,16.0
Realme Narzo 20,Realme,10499,Dual Sim,0,8,4 GB,64 GB,6000,1,6.5,120,Water Drop,Triple,48.0,8.0
itel Vision 1 (3GB RAM + 32GB),itel,5890,Dual Sim,0,8,3 GB,32 GB,4000,0,6.09,120,Water Drop,Dual,8.0,5.0
Realme C11,Realme,6490,Dual Sim,0,8,2 GB,32 GB,5000,0,6.5,120,Water Drop,Dual,13.0,5.0
Xiaomi Mi 10 5G (8GB RAM + 256GB),Xiaomi,54999,Dual Sim,1,8,8 GB,256 GB,4780,1,6.67,90,Punch Hole,Quad,108.0,20.0
Vivo Y21 (2020),Vivo,9990,Dual Sim,0,8,4 GB,64 GB,5000,0,6.5,120,Water Drop,Dual,13.0,13.0
OnePlus Z,OnePlus,24999,Dual Sim,0,8,8 GB,128 GB,4300,1,6.55,90,Punch Hole,Triple,64.0,16.0
Sharp Aquos R5G,Sharp,59990,Dual Sim,0,8,12 GB,256 GB,3730,1,6.5,120,Water Drop,Triple,48.0,16.0
Huawei Mate 30 RS Porsche Design,Huawei,214990,Dual Sim,1,8,12 GB,512 GB,4500,1,6.53,120,Large,Quad,40.0,32.0
Samsung Galaxy A11,Samsung,9990,Dual Sim,0,8,2 GB,32 GB,4000,1,6.4,120,Punch Hole,Triple,13.0,8.0
Realme C2,Realme,6999,Dual Sim,0,8,2 GB,16 GB,4000,0,6.1,120,Water Drop,Dual,13.0,5.0
Huawei Mate X,Huawei,169000,Dual Sim,1,8,8 GB,512 GB,4500,1,8,120,Punch Hole,Triple,0.0,0.0
Samsung Galaxy A9 Pro (2019),Samsung,39990,Dual Sim,0,8,6 GB,128 GB,3400,1,6.4,120,Punch Hole,Triple,24.0,24.0
Samsung Galaxy A7 (2018),Samsung,21490,Dual Sim,0,8,4 GB,64 GB,3300,0,6,120,Punch Hole,Triple,24.0,24.0
Vivo Y55S,Vivo,13490,Dual Sim,0,4,3 GB,16 GB,2730,0,5.2,120,Punch Hole,Single,13.0,5.0
Poco C55,Poco,7999,Dual Sim,0,8,4 GB,64 GB,5000,0,6.71,120,Water Drop,Dual,50.0,5.0
Blackview BV5200 Pro,Blackview,8990,Dual Sim,1,8,4 GB,64 GB,5180,1,6.1,120,Punch Hole,Dual,13.0,8.0
Honor X7a,Honor,13999,Dual Sim,0,8,6 GB,128 GB,5000,1,6.75,90,Water Drop,Quad,50.0,8.0
OPPO A58x,OPPO,13990,Dual Sim,1,8,6 GB,128 GB,5000,1,6.56,90,Water Drop,Dual,13.0,8.0
Doogee S99,Doogee,14999,Dual Sim,0,8,8 GB,128 GB,6000,1,6.3,120,Water Drop,Triple,108.0,32.0
Lava X3,Lava,6999,Dual Sim,0,4,3 GB,32 GB,4000,0,6.5,120,Water Drop,Dual,8.0,5.0
Motorola Edge 40 Fusion,Motorola,42990,Dual Sim,1,8,8 GB,128 GB,4500,1,6.67,144,Punch Hole,Triple,50.0,32.0
iKall Z18,iKall,6799,Dual Sim,0,4,4 GB,64 GB,5000,0,6.82,120,Punch Hole,Single,20.0,13.0
Oukitel WP9,Oukitel,25899,Dual Sim,0,8,6 GB,128 GB,8000,0,5.86,120,Large,Triple,16.0,8.0
Xiaomi 14,Xiaomi,54999,Dual Sim,1,8,12 GB,256 GB,5000,1,6.43,120,Punch Hole,Triple,50.0,32.0
Motorola ThinkPhone,Motorola,49990,Dual Sim,1,8,8 GB,128 GB,5000,1,6.6,144,Punch Hole,Triple,50.0,32.0
Xiaomi Civi 3,Xiaomi,32990,Dual Sim,1,8,8 GB,256 GB,5000,1,6.7,120,Punch Hole,Triple,64.0,32.0
Realme Narzo 50i Prime (4GB RAM + 64GB),Realme,8720,Dual Sim,0,8,4 GB,64 GB,5000,1,6.5,120,Water Drop,Single,8.0,5.0
Oppo Find X6,Oppo,69990,Dual Sim,1,8,8 GB,256 GB,4700,1,6.73,120,Punch Hole,Triple,50.0,32.0
itel A23s,itel,4787,Dual Sim,0,4,2 GB,32 GB,3020,0,5,120,Punch Hole,Single,2.0,0.0
Google Pixel 8 Pro,Google,70990,Dual Sim,1,8,12 GB,256 GB,5000,1,6.73,120,Punch Hole,Triple,50.0,12.0
Vivo X Fold 2,Vivo,119990,Dual Sim,1,8,12 GB,256 GB,4800,1,8.03,120,Punch Hole,Triple,0.0,0.0
Motorola Moto Edge S30 Pro,Motorola,34990,Dual Sim,1,8,8 GB,128 GB,5000,1,6.67,120,Punch Hole,Triple,64.0,16.0
Honor X8 5G,Honor,14990,Dual Sim,1,8,6 GB,128 GB,5000,1,6.5,120,Water Drop,Triple,48.0,8.0
POCO X4 GT 5G (8GB RAM + 256GB),POCO,28990,Dual Sim,1,8,8 GB,256 GB,5080,1,6.6,144,Punch Hole,Triple,64.0,16.0
Motorola Moto G91 5G,Motorola,19990,Dual Sim,1,8,6 GB,128 GB,5000,1,6.8,120,Punch Hole,Triple,108.0,32.0
Samsung Galaxy M52s 5G,Samsung,24990,Dual Sim,1,8,8 GB,128 GB,5000,1,6.5,120,Water Drop,Triple,64.0,32.0
